index,filename,participant0,participant1,participant2,participant3,participant4,participant5,participant6,participant7,participant8,participant9,participant10,participant11,participant12,participant13,participant14,participant15,participant16,participant17,participant18,participant19,participant20,participant21,participant22,participant23,participant24
345287,009821b5421f65ddd5c0a5f9bce3c1c68ed0ca2286378e933ca6f119.jpg,1,7,7,5,4,7,5,1,5,7,1,5,5,7,7,1,2,7,4,7,6,7,7,7,7
49847,095231599c90368deeb68426b26f37a93e9608bedd24398a19d736fa.jpg,5,5,5,5,5,5,5,5,5,7,5,5,7,7,5,3,5,7,3,5,5,7,3,5,5
412858,0bd0dbf6b5f2d17233f0bf4ad827ed09394c0373ec5385c05be6ab28.jpg,1,1,1,1,1,1,1,1,1,1,1,1,1,1,1,1,1,1,3,1,1,1,1,1,1
220820,0bd56ffef6540b3a09b29ef05042c70c3f2f3b5e82636eca98f43521.jpg,5,4,7,6,7,7,5,5,7,7,3,7,7,7,7,3,5,7,5,3,7,3,5,5,5
104567,0c0aea847ab1bde89363345b295c46ad3394a3c562055456cd07c22e.jpg,7,7,7,2,0,7,0,0,0,7,7,0,7,6,0,0,7,7,0,0,7,7,6,7,7
359501,11739fe498e5423140f0320e3806ffce65db4fe83f8b2284991416af.jpg,5,4,6,5,6,7,4,4,0,7,4,4,4,4,4,4,2,4,4,5,6,2,7,6,6
89614,13e493d2be1358e9df830e3a4bec6e846aaff802c9862f9a9db5beba.jpg,5,1,4,5,4,1,1,7,2,1,7,5,0,4,7,5,5,4,2,5,5,5,4,2,7
107021,18277892aa20d9e46ee0d7d67c5d7894b2171062ed74887314651333.jpg,4,5,5,5,5,5,5,5,5,0,5,5,7,5,5,5,5,5,2,5,5,5,5,5,5
155317,1a6840747e6659adc78d50300ad8bfbf18e77e487c38fb88c70ae7fc.jpg,5,7,5,5,5,5,7,5,5,5,5,5,7,7,5,5,5,5,4,5,5,5,7,5,5
220017,1b1149480f022df6058cd8a41b9acdb3735470877e19cc7a3a6b68f4.jpg,2,5,5,5,5,4,5,4,5,5,5,5,5,5,5,5,5,5,5,5,5,5,4,5,5
408579,1bfffba93764af81e710185d462feefd43e17c65509277e9f703d8ff.jpg,5,7,7,0,6,7,7,7,4,7,7,5,7,6,1,7,7,7,6,7,7,7,7,5,7
354028,1c6a09df96cdfec97a0df350ebcccf2e460f1339f6ed2119ae124e7c.jpg,5,2,6,5,7,2,2,5,5,7,2,5,7,5,6,7,2,7,2,5,7,7,3,5,7
135287,212cbdeace8b7c7edba7186cb317a33f65f27736a916b1893906a0ad.jpg,6,1,7,6,7,7,7,7,7,7,7,7,7,7,1,7,7,1,6,6,1,7,4,7,7
282277,24b221b0c68b5ad1c9596dece7827f4242b6e3bae5c6723e94f08d10.jpg,6,7,5,4,5,6,6,7,6,7,2,4,2,5,6,5,2,5,6,6,7,6,6,5,6
53679,29e8590dddb1658e9d6185136644a024a53169ad81934012205f0a1a.jpg,2,1,5,4,1,5,3,1,1,5,5,5,5,5,5,4,5,5,2,5,5,5,5,5,3
307354,2c819c374fadae1d500cda8ac13b80a30b461536846184c408cf422d.jpg,5,4,5,4,4,5,5,4,5,5,6,5,5,5,5,5,5,5,6,5,6,5,5,5,5
186921,2db8dba1df184945134e6b3f26b81848efdeb16a4451c208d9142829.jpg,2,2,5,5,5,1,5,2,0,5,2,5,1,4,2,7,3,2,2,5,2,2,4,5,1
290354,2ed68e7bdc2e2125282ca8c4e560fe949e08bf7e86e6ecf926b355a4.jpg,2,7,7,6,7,1,3,7,7,7,7,5,5,7,2,7,5,7,3,7,7,2,3,7,7
20191,2f102198e9ac37b1202d350053fa5c32c519d5beb2467584dc49aa04.jpg,5,5,5,5,5,5,5,5,5,5,5,5,5,5,5,5,5,5,1,5,5,5,5,5,5
101932,3131c985721c0d8fa654a0f874cc715c2fb3567f490ccd732195911c.jpg,6,0,7,7,0,7,7,7,0,7,6,0,7,6,7,6,7,6,6,6,7,0,6,7,7
340088,331430dc36baedbba1658cb2f8efc9a8de830e426f47fdc451104949.jpg,5,7,7,5,5,5,2,6,5,5,3,5,5,5,5,5,2,5,6,3,7,7,3,1,7
2778,3be1f54425030fcd7b070cbe7ef2a519fff3fe4296bcc071dd0e285f.jpg,5,7,5,5,5,5,5,5,7,7,5,5,7,5,5,6,5,5,6,7,7,7,7,5,7
151814,3cb4f360abfa7f79bc46f8bf0635291b02cf1d6572a8642add848c8a.jpg,5,5,5,5,5,5,5,5,5,5,5,5,7,4,5,5,5,5,4,5,5,5,4,5,5
175930,42a47fd101f8dd726b76e8df4cdb5a4c050cfbd8f10460d274875680.jpg,5,6,5,5,5,6,3,7,5,5,7,5,5,4,5,3,5,5,6,7,1,5,3,5,5
174087,46c7e5935098941ed4c073724a6abb6040f99e74c81fc7a15833d83e.jpg,7,7,7,4,5,4,6,5,2,7,2,6,7,1,7,7,7,7,6,7,7,6,7,7,7
304449,49d8cc8333ab8df8724f90c4f9ddc2a8278e754e55568c086bf6c953.png,5,4,5,5,5,5,5,5,2,5,5,5,5,5,5,5,5,5,5,5,7,7,5,5,5
249164,4cb0b1cfb32e46a888fe7f894a8f3e14f9c84cde49d04a0575e4ec00.jpg,6,1,3,4,1,1,2,4,4,5,4,4,3,1,2,5,4,4,6,3,5,6,4,5,6
82453,54d028f85f483fc1b8ad5a5941cd9ab4c58ca0582d0ae9262c533ffe.jpg,7,7,7,6,6,7,7,7,0,7,0,4,0,6,0,0,0,7,0,0,7,7,4,7,7
264570,590779af4ce061721f5915a08741b4d0163438ed8342779bd0315726.jpg,5,5,5,5,5,7,4,6,5,5,5,5,6,5,5,7,5,5,4,4,5,7,5,5,5
105642,59e89962c1c980c7b91f2a39a6c1656dc502b6da5ba80699994275b8.jpg,6,6,5,3,6,7,7,6,4,7,3,4,5,5,1,7,5,5,4,7,5,5,3,5,4
165964,5efa3fa93b6a6828b44d6c2ddd2642178a610cfd4110e91b015a5b78.jpg,5,1,5,5,5,5,5,5,1,5,5,5,5,5,5,5,5,5,6,1,5,5,5,5,1
215051,5f41be90ace92d1cf6b95334524415773c260bd97c845e474400a656.jpg,5,5,7,5,5,7,5,5,5,7,5,5,5,5,5,7,7,5,4,5,0,5,5,5,7
402987,6030f6b83a018e080c89401db384ea965b833d21f5b33a71feb58839.jpg,5,2,2,5,5,5,5,5,2,5,3,2,6,3,5,5,5,5,4,2,2,2,5,5,3
357629,6424806e593fe0ad4b62ac9d8f50580e0ee5d257e5713769337687a6.jpg,5,6,7,5,7,7,5,7,7,7,6,5,7,7,7,7,7,6,6,7,5,7,6,7,7
242006,650ba9427655479309c15604b4ba49d1441a08c495e6dca763a4f0b3.jpg,2,5,4,5,5,4,5,5,5,5,5,5,2,5,5,5,5,5,2,5,5,4,5,5,5
121950,6557e465098bd6e8fe07d5ecebd206a05be7b64b863f23e233a5ce08.jpg,5,4,5,3,5,5,5,5,5,5,7,5,5,5,1,5,5,3,6,5,7,5,5,5,5
164171,66f992ae9ccbf4992b5954fe6ebbfbbc957a08d69d4009ec4735507b.jpg,5,7,7,5,7,7,7,5,7,5,5,5,7,7,1,7,7,7,6,5,7,7,5,5,5
313549,73145d465b1655f791ac4e0c5d7f472c66a5453710ecd1047097af77.jpg,5,4,5,5,5,5,5,5,2,5,5,5,5,4,5,5,2,5,2,2,5,2,5,5,5
404311,77ffe7a94d4a6065528da89612041346c57b6a688bc9077a074cd172.jpg,5,2,5,2,2,7,2,5,0,5,2,4,2,4,2,2,5,2,2,4,2,5,5,4,3
102088,79e2c987ae95d9ff67021791bcc62b7b97e79da69cc4c260eed9d2bd.jpg,2,2,2,2,2,2,2,2,3,3,5,2,2,2,2,2,2,2,5,5,2,2,2,2,2
149847,7b9e7053c73bdb9be69b1c874b05dbd73629038c28ba4fb53eeefcc0.jpg,7,7,7,4,5,7,6,7,7,7,3,7,7,7,5,7,7,7,6,7,7,5,5,7,7
50853,7ca93a6ff143a8b00623796600a1552329486aef72ff346b92174e1c.png,4,6,5,4,6,1,4,7,6,5,7,6,6,7,6,7,5,7,5,4,6,6,4,5,7
179819,7d4816c682bae2f83f2a24bf65d079b7d3879f432b7afb0da18971ce.jpg,5,3,5,5,5,5,5,5,5,5,5,5,5,5,5,5,5,5,2,5,5,0,5,5,5
24923,7de5ae1d28f4532014c665ef3c5c2b1c7eb6786853e6bcd1e5d39df8.jpg,2,3,5,5,5,1,5,5,5,3,5,5,5,5,5,5,5,5,3,5,5,5,3,5,5
146468,7fdcf2460d8e86b54bfdb703f9ec283d8628073e6a08b5ed11812aab.jpg,2,3,7,2,1,2,2,2,5,3,2,2,1,1,2,2,2,2,4,2,3,2,2,1,3
114877,88aa688f1df696380b7d23b37ec10510f72ab3bfa1cf2581cd5a31b9.JPG,5,5,5,5,5,5,5,5,5,5,5,5,5,5,5,6,5,5,4,5,5,5,5,5,5
98100,895ffeacc86603b8c902be458e25a740d6ef3832fbf22f25de203ee8.jpg,5,7,5,4,2,2,5,7,6,5,5,5,2,7,2,7,7,3,5,4,4,5,5,5,4
384306,8b7ae777a578814d9ff160912e9554ff9fbb15053a21093ff512298b.jpg,4,7,7,5,6,7,4,6,6,5,7,3,7,7,1,3,5,4,7,4,3,5,3,5,7
149650,8c4402291b30010afa3cd603b6c1f965d31de02d35af9ab420e50d0f.jpg,1,7,1,7,7,1,7,7,7,7,7,1,7,7,1,7,7,7,6,1,7,7,7,7,7
397056,8d646948b7a10f9ef8a39a6df6102566b1f121018f6b2995c9723c0d.jpg,2,6,2,5,2,2,7,2,2,6,7,5,2,4,2,3,2,4,4,2,5,2,7,6,6
338055,8e2051af760d1fe4729e6ff169d8c63f6543a047c00f305aedd06687.jpg,2,0,5,5,3,5,4,5,3,0,4,5,0,3,3,3,5,5,0,5,7,6,4,5,4
179790,8e6cdc1371b34d805a7dee2d4645736e0a4a203f8c144433321003e9.jpg,3,2,5,2,0,0,5,5,3,0,5,5,0,5,5,5,5,5,0,3,5,0,1,0,5
105211,8f83673fb8a34912544745d2002d0d5e702aef85a6c26f07b6a992d0.jpg,7,6,6,4,7,6,5,5,5,7,5,6,5,4,6,7,5,7,6,5,5,6,7,5,7
141527,916dfe7a7a73502adb2342d8cf450920e555332f15133af1784278e6.jpg,6,7,6,5,7,7,6,7,7,7,7,5,7,7,1,7,1,6,6,0,7,7,5,7,7
9806,9cb4c85c83d522c920019750d6965b3e7ffd96326095d53df8e21cb7.jpg,5,5,5,5,5,5,5,5,5,5,5,5,5,5,5,5,5,5,6,5,5,5,5,5,5
137160,9e026adbf371db161997559b07320dbf1a58eaaa61506dcc5f3a2b24.jpg,5,5,5,4,5,5,2,5,5,5,5,5,5,5,5,5,5,5,5,5,5,5,5,5,5
412383,9ea1d7b45b13ff3418902d48462cfed39e8e90d69eafce29c8daf77e.jpg,5,6,5,5,5,7,5,5,6,7,5,5,7,7,5,5,5,5,6,5,7,5,4,5,7
173545,a20b61ee03f22b25f4ecd7ccbec343bec601bad2c25c348974d52367.jpg,5,1,5,5,0,1,5,3,5,0,5,5,5,5,5,5,1,5,2,5,5,5,2,5,3
12660,a730e60ee3937c67807d1e29ee6c6c4bd9f2c260aa4789312f355709.jpg,4,4,6,5,4,4,4,6,6,4,6,4,4,4,4,7,4,5,2,4,6,6,4,6,4
291756,a8bfcb8c69a8dc2b333b64f9ab6d4db1417f5d703f1ae61966b7e49a.jpg,3,2,2,5,3,2,2,7,2,5,2,2,5,2,5,2,2,2,2,2,2,2,7,2,2
357346,b076f2901539ce501371ee3216475145e37f26148b649a67b20384be.jpg,2,7,7,2,6,7,2,7,7,7,2,5,5,2,7,2,5,2,6,2,7,2,7,2,2
2886,b16284a836b15b80b58de4770bfbae72196d0818bb3e0d689e869456.jpg,5,7,7,7,6,7,6,0,1,7,7,5,7,1,1,7,7,7,6,5,7,7,7,7,7
269741,b19df92eaa83f1f0785df06431db0665d0544ad39740c13fbc5d605e.jpg,6,7,5,1,1,7,5,7,7,7,3,5,2,6,6,5,1,5,6,7,7,5,3,5,2
26459,b33cf5b16a26d85c22b7c55246dd5ded55fab39ebf3d998c9f3e59cc.jpg,7,7,7,1,7,2,1,7,5,7,5,7,5,2,5,7,5,5,3,6,6,2,7,1,7
90669,b567d3a07afccede734df74b9d7e1b63f636226f259aebf3a1478933.jpg,7,7,7,7,7,7,7,7,7,7,7,7,7,6,7,7,7,7,7,0,7,7,7,7,7
85030,b5f76692decbc6f151c63b1c47cfcc705622ffa2aac55a50d3751576.jpg,5,5,5,5,5,4,4,5,5,5,5,5,5,5,5,5,5,4,4,5,5,5,5,5,5
126546,b7e2fc93ca0c612818d467824d094d2722b78e59f1ea3029e628ada2.jpg,6,7,7,5,5,5,3,5,5,7,7,5,7,7,2,7,5,7,5,7,6,7,7,5,3
88217,bb63e89b96cf7a77aa955fcdc114b24483dc480f73570eb2f8698d79.jpg,7,7,5,4,1,1,2,7,5,0,2,4,1,4,2,2,1,1,4,5,7,2,3,2,7
68675,bc3344a1f9f50b4cc76b1aaacb2fb952723f9b90c5a954be2af840f2.jpg,5,7,7,5,5,7,7,7,7,7,7,7,7,7,5,7,7,7,6,7,7,7,7,7,7
263498,bc8dec31cd3306ff888322a2727332a1b444c86285011005beb8e9e1.jpg,7,7,7,5,6,7,3,7,7,7,7,5,7,5,6,7,2,7,6,6,7,7,7,7,6
103552,bdc416f27ef40564d1abdbafd5d63cf1de7a5cab5123ea62312223c2.jpg,5,7,7,1,6,1,5,7,5,5,7,5,7,7,5,5,5,5,4,5,5,5,5,7,7
194217,be43352cf20785528ec8428f74ee5dce1bb93dab97baae9b042bd94d.jpg,5,7,7,1,7,7,2,7,7,7,7,7,7,4,1,2,5,7,6,1,5,2,7,5,3
369935,bf3b341cce3c6b86a1c5ac27f4411ec2448463ea774161a1e4b0d14b.jpg,7,3,7,1,1,7,7,3,7,7,7,3,3,1,1,3,1,3,6,3,7,7,3,1,7
57548,c1954c9984e8b4b8212b4c78bc6476ea55c9043210ef6dff9baf3e85.png,5,5,5,5,5,5,5,5,6,5,4,5,2,5,1,1,5,5,3,5,7,5,5,5,6
122428,ccacb2c4a50a40fc8992520238946fcfe29e24df9cb7aeb46a579388.jpg,5,5,5,5,5,5,5,5,5,5,5,5,5,5,5,5,5,5,4,5,5,5,5,5,5
151216,d15573d41b9972d4d8bc14608bbe171e11ecdc1b4947c0f22a42370f.jpg,5,1,5,5,5,5,4,5,5,5,4,5,5,5,5,5,5,5,3,5,5,5,5,5,5
335454,d25809e712108ab587242d8fe7e4a91367465158d595c7acf2302568.jpg,5,1,5,5,1,5,5,5,3,5,3,1,7,3,5,3,2,7,3,3,5,2,3,5,5
59120,d40936a4e2bdd3c7d7a7a06e62a2a739af1eb60a00f171b0483dbb0e.jpg,5,7,3,5,7,1,7,7,7,7,7,5,5,7,7,7,7,1,6,7,7,7,7,5,5
151805,d44e291b870373fe36e4ce9549a8725bc291ee13522e2c439fe7688b.jpg,2,1,1,1,1,1,1,1,1,5,2,1,2,4,1,1,1,1,1,5,1,1,5,1,1
333866,d82e74feb7b53437a333098a8c5d21de36eea56ce4a19a0c481dcc71.jpg,5,1,5,5,1,5,3,5,5,5,5,4,5,5,5,5,5,5,1,5,5,5,5,5,3
216535,d88df35e6dcf1d3f8cb99b5e1ba94a1019188b7b0a66e4e58032019f.jpg,5,7,7,5,6,5,5,5,6,5,5,5,5,5,5,4,5,5,6,5,5,5,7,5,5
407673,da79ed2c8d78862ab5e4efc8f42aa63a9f5823f0ba7f3312dbfdeee1.jpg,2,4,1,5,1,1,1,1,7,5,5,5,6,4,6,4,5,4,5,5,1,5,1,5,5
204220,daf59fddb04d067ee2a72e790081afaae8cc04b9e53721a382516204.png,5,5,7,5,5,5,5,5,4,5,5,4,5,7,5,7,5,5,6,5,7,5,6,5,5
176492,dbb20808bc54d8da43eacbae994b78ef823bb4331aaef824834ab74d.jpg,4,7,7,4,5,6,7,5,6,7,4,6,7,6,6,1,1,4,6,6,6,7,4,7,6
226416,ddea5071328ab5c8f7945fb6d15b025caa5bb2da417c07be5b21581f.jpg,5,5,1,5,5,1,5,7,5,7,1,4,1,5,1,7,5,3,4,5,5,5,5,5,5
382143,dffcb2d6844799e072e480cbb84c0bf4c4b9a95c56f6c4efeec2b2b4.jpg,6,1,1,1,1,1,1,1,1,7,1,1,5,4,1,1,1,1,7,1,7,1,1,1,7
182632,e3199c3463d2eab14d5012e9c6da1445d5514125031968ab3ffa5b8d.jpg,5,5,5,5,5,5,5,5,5,5,5,5,5,5,5,5,5,5,4,5,5,5,5,5,5
224127,e7f03c207a413ad86508f807aaacb76b9a3c7e620e1e555520dc21be.png,2,5,4,5,2,2,2,2,2,5,4,2,5,4,4,2,2,2,2,4,4,2,5,2,4
72565,efeb08e7ea2a2f8c2ae64b5a881af6adb6e33506293f5e4078a0ebfb.jpg,0,3,7,5,7,1,1,7,6,7,6,5,7,7,5,7,5,5,4,5,5,5,5,5,5
164277,f2d25ddaab39d591344a22ca4b7890509da37e5ce2f16963a1ed0c3a.jpg,5,2,5,5,6,6,5,0,5,0,7,2,7,5,5,5,5,5,2,5,5,5,7,5,5
53794,f339ea5eff1d31ac09986dbf999e4dc4aae1183404403e69ddfc63e3.jpg,5,7,7,5,5,7,7,7,6,7,5,5,7,7,6,7,7,7,6,5,7,5,7,5,7
285410,f39bd3bb531ce40c92f0f2d9e680daea349d283b11b13a14d78534f2.jpg,2,1,2,6,1,3,2,2,2,5,3,2,2,1,2,3,2,2,5,4,2,2,2,2,1
411231,f5bd534f773bccf22bc1d5fa63fec0298e49bd2fd51e62367463b737.jpg,4,6,5,4,6,6,4,7,6,7,4,4,7,7,6,7,7,4,4,4,6,4,4,4,5
358724,f5d19ef241bde021260f1690985c493e0141d64dd3195c87ef6d8aeb.jpg,7,7,4,4,6,7,5,7,5,7,7,7,7,6,6,7,5,7,4,6,6,7,3,6,7
78305,f67494716365ecd63a661ac241f9512e0805fb3fa7e26c3189559ce9.jpg,2,6,2,2,5,1,7,2,2,7,7,5,2,2,2,2,2,3,4,2,2,2,2,5,7
141761,f9b834f42f2b8c2d01613fc76d4b264c5babc8ac0f23c4501ce9699a.jpg,5,0,5,5,4,0,5,6,6,5,0,4,5,5,4,5,5,5,6,6,5,5,5,6,6
327057,fa3851c0b6ca954cfd2dc4b0be82a3cce09478e39939e9aa518356a2.jpg,2,5,5,5,5,5,5,5,5,5,5,5,5,5,5,5,5,5,6,5,4,5,5,5,5
214361,fde1164bd29dff0f506e6d2931b8e47bfcc325ca5540d30be735942e.jpg,5,2,5,5,5,5,5,5,5,5,5,5,5,5,5,5,5,5,4,5,5,5,5,5,1
50502,ff33c4c57b999609609b6fb86fd9396ac8bfdda0c7bfe09fd2fd8b53.jpg,5,5,5,5,0,5,5,3,3,5,5,5,1,5,5,5,5,5,4,5,3,5,5,5,1
185248,ffbab164f8360f034c98e5970c98a8c71a27f546090711367c94cb94.png,5,6,3,5,5,6,6,5,6,5,3,5,6,2,6,7,2,5,6,5,2,5,5,5,7
57081,01f4a8dc60213351ffd0449f4ba0ee92999a10c68e32224512aca89f.jpg,0,0,6,7,0,0,0,0,0,7,0,0,7,6,0,7,0,6,0,0,7,0,7,7,7
250825,04d4c63334eb1a280888e0018028a81f6477b3960f6a4c44d88fc926.jpg,4,7,2,6,1,7,3,2,4,7,6,4,2,4,6,7,2,5,6,5,7,2,7,7,2
221387,050bae52bdfc87abaafdd2a06ec88d38f44abdaf530f2f08b3c33e2e.jpg,1,1,1,1,7,1,1,1,5,7,1,5,7,4,1,4,4,1,3,4,1,6,1,7,1
78455,0b00ec7c81759c20cf427585b9473b9a693ed96114c3d27a56150dbb.jpg,6,0,0,7,0,0,0,0,0,7,7,6,7,6,0,7,0,6,6,0,7,7,7,7,7
29938,0c983630beb2726d8a279b6ae2db3dd5372005d98f57ebe62c41181d.jpg,7,6,6,0,6,6,0,6,0,7,7,4,0,6,0,0,7,5,4,5,6,6,7,5,6
164343,0f2f7cf8d7a5b4cd7bf2b07b24894771974efc0d551a77a55f0fc2b5.jpg,6,6,7,6,2,7,6,7,2,7,0,6,0,6,4,0,0,0,7,0,7,7,6,5,7
159827,15fe86b29388f1bf67d119209923d86c545d003fb10adef15455f457.jpg,0,0,7,6,0,0,7,0,0,7,0,0,7,0,0,7,0,0,0,0,6,7,7,7,6
294807,1f0b305420911796831fd677ccb619a609dbfc0bbd4b0e3092b707da.jpg,1,7,7,1,0,6,0,1,2,7,7,1,7,6,0,0,0,1,1,0,6,7,7,1,7
412327,1fa1a7a3bcf65141b75669d7d73b43cecfd508e77eda32ef0ce54b31.jpg,5,7,5,7,6,7,2,0,7,7,7,6,7,6,0,7,7,6,7,0,7,7,7,7,7
379175,25892b60bc3c25115e9c8737e75643834f3857eb08df3ea87493675f.jpg,6,6,6,6,6,6,7,0,0,7,0,6,7,6,0,7,7,0,0,6,6,6,7,7,6
40310,25bb51fe56406afda3427d9a2ae6d1fd3c93a4098e37bece0995c65d.jpg,1,1,5,1,6,1,6,1,1,1,7,5,7,6,1,1,0,1,4,6,6,7,6,7,1
167636,27664c2174ef11abcc50b11cc3a18ab6e19e7f57099670d8b266c74d.jpg,7,7,7,7,6,7,7,7,5,7,7,7,7,6,7,7,5,7,6,0,7,7,7,7,7
301789,29f194252a27cd693b46551a532059ae6f83038a254072424670eefa.jpg,0,0,0,6,0,7,7,0,0,7,6,6,0,6,0,5,6,6,0,0,0,0,6,0,7
369355,333eee298286d1979f524a1fb066ec869ad87903ebfc2333998c8079.jpg,7,0,0,0,0,0,0,0,0,7,7,0,7,6,0,0,0,6,0,0,0,0,0,7,1
25133,33f835bbda3f9f61cfe622709a70b88c768127d80c126b8c668ea748.jpg,7,7,7,7,7,7,7,7,6,7,7,0,7,7,7,7,7,7,6,5,7,7,7,7,7
41618,383c86faaf404e84fb386fe13666d387121f4d8ef03c40e640f9306d.JPG,0,0,0,0,0,0,0,0,0,0,0,0,7,6,0,0,0,0,0,0,6,0,0,0,0
319259,3abc872d7f6b067193fe9f2dcca7cf26be3fbc9ea1b9e65b16f5e03c.JPG,7,7,7,7,0,6,7,7,2,7,5,7,7,6,1,7,7,7,7,0,6,7,4,7,7
109951,42c2fda51802510baf2c0ab40dbbd4a1274bdee9d6a95d5646e73b16.jpg,7,7,7,7,0,7,7,0,0,7,7,0,7,6,0,7,7,7,4,0,7,0,7,7,7
196689,4335e12f9a7bce0c4e6f1c8e59f690b21235d3591c01aa0d2b515f47.jpg,6,0,2,6,6,0,6,2,6,7,6,6,7,6,0,2,7,6,0,6,6,6,6,7,4
107358,43aff154d8495da039ac118225d1b127ebf5908d5e6908f1fba5766e.jpg,6,0,6,0,0,0,0,0,0,0,0,0,0,6,0,0,0,6,0,6,6,0,0,0,6
145720,459b76b3944ccf2508229eb4449a6ee5453318eab0213ac3ecb16cf1.jpg,6,7,6,6,6,0,0,0,6,7,0,4,7,4,4,7,5,4,0,4,7,4,3,4,4
331343,4a33ad8f53f161167f7e318dd3df8d086b6a8d70ee896a7ada6369b8.jpeg,6,0,0,0,0,0,7,0,0,7,0,0,7,6,0,7,0,6,7,0,7,0,7,7,7
206741,4fe9a61c912ccf17772cc0296736a6bf041501e5c971374bebf8503c.jpg,0,0,0,6,0,0,0,0,0,0,0,6,0,6,0,0,0,6,0,0,6,0,6,0,6
263769,5012a993200594e6014931a426b2843757d4e465fef78c7f79cf3293.jpg,1,7,6,0,0,7,0,0,0,7,1,7,7,6,0,0,1,6,3,0,1,7,7,7,7
233154,50aacfeb9267116e7f32ef7a7bb464e58004778ae1b48408c8a9b67e.jpg,7,6,7,5,5,7,5,7,7,7,7,5,6,7,4,7,5,7,6,7,7,7,5,7,5
157646,53de4295cf5a6ab0e0a7abdc8a752957cc4a987c0070b907c8650896.jpg,6,7,7,6,6,6,0,0,0,7,0,0,7,6,0,0,7,6,0,6,6,6,7,7,7
36947,56444110406976d972285065d23e878dae3e1a70ac2c2ec9b603c001.jpg,7,0,7,0,0,0,0,0,0,7,0,0,7,6,0,0,0,6,0,0,0,0,7,7,7
371255,5646e7ea7fab5f30e65b295af09f3718bfbccaf758997858e1171c57.jpg,6,6,6,4,4,6,0,0,6,7,6,6,7,6,6,7,6,0,6,6,6,6,6,6,6
28364,57d1621dbd9cf70cec000223150eb518836f3e14c465a953aa24a0a7.jpg,6,0,6,0,6,6,0,0,0,0,0,6,7,6,0,7,6,0,0,6,6,0,0,0,6
298050,5b139f89a9d8d2121e5ce2c95978f5fff6bc68329d8f751127348ac3.jpg,0,6,0,4,0,0,6,0,0,7,0,0,0,0,0,0,0,0,0,0,6,0,0,7,0
6525,5b4e4e40d0a7d106ef6db1b1670889bf2d45c6b22dab17e159ef377c.jpg,1,6,0,0,0,0,0,0,0,7,0,0,0,6,0,0,0,6,0,0,6,0,0,0,0
119059,5ba6bb68276ed15ece7be6c9cb44d28b16347c3a6dd3f093b1fad887.jpg,7,7,7,4,7,7,2,7,2,7,7,0,7,7,6,7,7,7,6,7,7,7,7,5,7
297245,5e4b1b5a953a77c9e886b357f4d0991e5cc6536f7764a99ae18a8b95.jpg,0,7,7,7,7,7,7,0,7,7,0,0,7,6,7,7,7,7,6,0,7,7,7,7,7
408474,602b27f58c21536dc7744dbbeb36fe1d6999315f525613b0b45c3817.jpg,4,6,6,4,6,0,7,0,0,7,0,6,7,6,0,7,0,0,0,7,0,0,7,0,1
149670,60e70ab0e75c318e53cf6479253c1dab81ab042a8862ff9a521a11f0.jpeg,6,6,6,6,6,0,6,6,0,7,6,6,7,6,0,2,6,6,0,6,0,6,6,7,6
283277,611e6752b486192c0d4eff7da13bcc42fdecf6ea0aba42e7d2e6d7d2.jpg,2,5,5,5,5,4,2,7,4,5,5,5,5,4,5,7,2,1,6,5,6,7,5,7,7
315749,649bd42a2c5b167485fa8a1b35055b1579277c24ab743576e019a042.JPG,0,7,7,6,0,7,0,0,6,7,0,7,7,6,0,7,0,6,6,0,7,7,0,7,6
119338,68d6930c2fb616f952ab0da485c270540ab98f651fd3f05b5d65fce1.jpg,6,7,7,5,0,7,0,7,6,7,7,0,7,6,0,1,7,7,6,0,7,0,5,7,7
269869,69c25bb267de971c6e5d3b43e0fb770282c14b024a2f25d9d08c643d.jpg,6,0,0,6,6,0,0,0,0,7,6,6,6,6,0,0,6,6,0,0,7,7,0,0,7
348660,6b6e0596ab3e3aff76ae9642d5b73c9dff1d2fb9d2f6f3d2bfa64e11.JPG,1,6,5,4,6,5,6,4,2,7,7,7,6,4,5,1,5,4,6,6,7,6,4,5,6
192050,6f09b38320b68a4650f52c1ea557595805607e48dc208824b868bd07.jpg,7,0,7,0,0,0,0,0,0,7,0,0,7,0,0,0,0,0,0,0,7,0,7,0,7
308525,6feeee7d87f80db9df088a5a8f08dbee5d7cbb0681ffaf9eb6911f50.jpg,7,7,7,7,6,7,7,0,7,7,7,0,7,6,0,7,7,7,6,0,7,0,7,7,7
107811,708af90bf74a406de9253a5483ebb56533a2ae54ae34fe22bb4324bc.jpg,7,7,6,6,5,5,6,5,0,7,2,3,5,6,2,7,0,6,5,6,6,2,7,5,6
48563,718fcc599b170b0a72c50a1e0e0f13c9d1b7f2cd3cb3c00f2503dc20.jpg,6,0,0,5,6,7,0,0,6,7,7,0,7,6,0,7,7,0,4,0,6,0,7,0,7
290676,73c8516e03bfb06a3df9aff13bc7ae2782f952b1ab88ad21422f7c7d.JPG,6,6,6,6,4,6,6,6,6,7,6,6,7,6,7,7,7,1,0,6,6,6,6,5,6
210973,760edfc3ff35161a8ec4f35001648dd32ac1bf6be96d7a51de2624a8.jpg,4,0,0,6,0,0,0,0,0,7,0,0,7,6,0,0,0,0,0,0,0,0,0,0,0
254377,76f61bb085534e3c447edcc7f88a18745020318011873eac7da6b897.jpg,0,0,0,0,0,0,0,0,0,7,0,0,7,6,0,7,0,0,0,0,0,0,7,0,7
394540,8506ddc88c6bf17094b774a086b01af8c38e97bedbc5d7bcea037397.jpg,6,7,0,7,0,7,2,0,6,7,7,0,7,6,0,7,7,6,6,0,6,7,1,7,7
1182,8789913eb072be66371cedf7bf6ec1ce08780923e84847006730508e.jpg,7,7,6,6,5,7,5,7,6,7,7,5,7,7,6,7,0,6,6,6,7,4,6,5,6
356547,8ff3fa04f4090b36451baf5d4d1387f9bc2331ac6ae7d483da8d7407.jpg,6,7,7,5,7,0,7,0,0,7,7,0,7,6,7,7,7,7,0,0,7,7,5,7,7
226557,90ea3fd7f6544f2187b4f773d2107ec58d49c82df26995503340079d.jpg,6,7,7,5,0,7,7,0,0,7,0,6,7,6,0,7,7,7,6,0,7,7,7,7,7
371584,913821b165ce34635b145ce1df00809e6f2ada6b6b5c7c784e242391.jpg,6,7,6,6,4,6,6,7,0,7,6,2,7,6,1,7,7,1,6,0,7,7,5,7,6
165746,932ed49d7ea86126fa8ca0fa97ad6bc100a4c79903ca978652a6f9e4.jpg,0,0,0,4,0,7,0,0,0,7,0,7,7,6,0,0,0,6,0,0,7,0,7,7,0
308942,9a4f46cf0777935bc39e740706d8206652e577aa0f4208231f01ae71.jpg,6,7,6,6,6,7,6,0,0,7,6,0,7,6,0,7,7,6,7,0,7,7,7,7,7
198526,9b00bb12c45e47bcefa6c44cef811b358d226472fbb615cebce342c6.jpg,7,7,7,7,6,0,7,0,0,7,7,0,7,6,0,7,7,6,7,0,7,7,0,7,7
281688,9c2d131c4375bea3f9850a6a1bdb4c67625c3ba3e5c942762eb3d096.jpg,0,0,6,6,0,0,7,0,0,7,0,6,0,6,0,0,0,0,0,0,6,0,7,0,7
281991,9c768a109bcaad4f30ccaf9c8ad2e785bee21b23529c83ce6243b328.jpg,0,0,0,4,0,7,6,0,0,7,0,0,7,6,0,0,0,6,0,0,7,0,0,0,6
95782,9f71b48490d4eec2731b05824c48dc1b3f1882d07e0103e865562364.jpg,6,4,4,4,4,4,1,6,4,5,4,4,4,4,6,4,5,4,4,6,6,4,4,5,6
340630,a5739b02862ea7b7f3a23231d99d6f3f28ead54f54d397ad69056918.jpg,0,0,0,0,0,0,0,0,0,7,0,0,0,6,0,7,7,6,0,0,0,0,0,0,7
396567,a5f23382f461015b0b2ebdc68461e1c0991b1081ea1502aaaedf68b0.jpg,5,5,6,4,4,6,6,5,0,6,6,6,6,4,6,4,5,5,4,5,7,6,1,7,5
212299,a65a55e114791a1497b2ff34d01cd533b63fa013acf8675d7257b47a.jpg,6,7,5,0,0,0,6,6,0,5,6,4,0,6,0,7,0,6,6,0,7,7,0,5,0
340147,a8425362efcfec74196bfa4c355db0e79bc34ca880a70d4901e47908.jpg,6,0,0,6,0,0,0,0,0,7,0,0,7,6,0,7,7,0,0,6,6,0,7,7,6
201430,b39ccd32394ac6628fa82a6857c7d01fce12a4e7d6dec6a63a144100.JPG,0,7,0,0,0,0,0,0,2,7,0,0,7,6,0,7,7,6,7,0,7,0,0,0,0
305965,b55b5368cae7eddd0cf8e6b344a69e5c68d90c89a31e5c288e24d93e.jpg,0,0,0,5,0,0,0,0,0,7,0,6,7,6,0,7,7,0,0,0,7,0,7,0,0
79808,b5f67953a3b4f6b5c3406ae435d4e2f55353c1c034088174f7755d5b.jpg,7,7,7,0,0,1,7,7,4,7,7,0,7,6,7,7,7,7,6,0,7,7,7,7,7
196629,b8ae85e5d29110ed64a2c635f1a0a30d2f63d7cf13b8c36379885ca3.jpg,0,0,0,7,0,0,7,0,0,7,0,0,7,0,0,7,0,0,0,0,0,0,7,0,7
250333,b8c3c25dd04f8efce455b62de63c99ae4a0675c7b4d9cbfe2a278342.JPG,5,7,7,5,7,7,6,7,5,5,5,5,7,7,5,7,7,7,6,7,7,7,7,7,5
256597,bc84aba76f3a9226674d8bec4657ebf5b1f9de905d4597304d878928.jpg,6,6,6,4,4,4,2,0,6,7,6,5,6,6,7,7,2,6,6,6,6,7,3,6,6
382228,c0a74d1a7ab0a463baf99921203390751da37ce89ba3e7236b6d7497.jpg,0,0,7,0,0,0,0,0,0,7,0,0,7,6,0,7,0,6,0,0,7,7,7,7,7
174858,c478ff13d33a6b7e8aaaeb54365b7218622bcd607704a8061ae4f06a.jpg,0,0,0,0,0,7,0,0,0,0,0,6,7,0,0,0,0,0,0,0,6,0,7,0,7
177891,c5a0e430c21f2e4a6c9345d91647472f1bbc14362082079411072201.jpg,6,7,1,7,0,7,7,0,2,7,7,0,7,6,1,7,1,7,7,7,7,7,7,1,7
382337,c860697c03560220a57ef17b738d2731e3b3145368edaa0dd92e4c7e.jpg,0,0,7,0,0,0,7,0,0,7,0,0,7,6,0,7,0,4,6,0,0,0,6,7,7
20374,c8f19759ca737746b5c52d8c651e8d1ff2cda0ce613e39f3dd8c9865.jpg,0,0,7,0,0,7,7,0,0,7,0,6,7,6,0,7,0,6,0,0,7,7,7,7,7
161371,cba197ccd92c59bac561dc60edf406019f1e38265ba682ed4cf2ae75.jpg,1,1,6,3,6,6,6,1,1,7,4,1,5,6,6,1,1,1,6,6,7,7,6,5,5
214974,cbf1c0555b49e4a2d814afe24aee08709838e4b51466437bc58fe7c7.jpg,6,7,6,0,7,7,7,0,6,7,0,0,7,6,0,7,7,7,7,7,7,7,7,7,7
41757,d014ee80656643a08d08dcc3366d8c4856a90c64652f08ce309360e4.jpg,5,7,5,7,6,7,6,0,7,5,5,5,5,6,6,7,5,5,5,5,7,7,3,5,7
156971,d0cc1fc697e3a38eab3976f1798b840c61528c9c6ecaf84c7ae10ccc.jpg,6,7,6,5,0,7,7,0,0,7,6,4,7,6,0,7,5,6,4,0,6,0,7,7,6
233833,d42382441c43e393624dc7f9542398a9e955dfc3ff485ae0068ffa25.jpg,5,0,7,6,6,7,7,0,0,7,0,6,7,6,0,7,7,6,0,0,6,6,7,4,7
122152,d47f415afab8ea848a7d131b1f187ec86e1886cd8c7debdd9b03c331.jpg,7,7,7,7,7,7,7,0,7,7,7,7,7,6,7,7,7,4,6,6,7,7,7,7,7
104845,d4e49e1106fb0f7293f3b293886e1004fd54816c0ad6eeac4d2ee89c.jpg,7,7,7,7,7,7,7,7,0,7,7,0,7,7,7,7,7,6,7,0,7,7,7,7,7
117989,d5b6353226afbc49f3fbadedfb3349462403928b52e57182ae8ac358.jpg,7,7,7,0,0,7,7,0,7,7,7,6,7,6,0,7,1,6,0,0,7,7,7,7,7
395918,d62d88c241f1f3293b5e9ca88f6049333b00236800379b83ac517d07.jpg,0,6,0,0,0,0,0,0,0,0,0,0,7,6,0,0,0,0,0,0,7,0,0,0,0
188528,daa43882c4869a7cc850aea34cd4c957f64d128c8b8663621693483a.jpg,7,7,1,6,0,7,0,0,6,7,0,6,7,6,0,7,1,6,0,0,6,6,7,7,7
75697,dd9f5c065345b032ed4bda01da8201868a1b3dda7fab36111dddeb43.jpg,1,7,7,0,1,0,7,7,6,7,2,5,2,6,7,0,0,6,6,6,7,7,7,5,7
287758,e0fc6d99f8578ae237e3465c5c377e088420f1d6226db6a460bb7b2a.jpg,6,7,7,7,6,7,0,0,0,7,7,0,7,6,7,7,7,7,5,0,7,0,7,7,7
388157,e24114763e75c13e4e83de86f5e84d89ab72983f8e1a420eea03c7c8.jpg,0,0,0,4,0,7,0,0,0,7,0,0,7,0,0,0,0,6,0,6,7,7,0,7,0
337193,e2a1ad0de796afa94c06d3a5fca70d4174cb394c67f4d606df2b4e09.jpg,7,7,7,1,7,1,7,7,7,7,7,7,7,7,1,7,7,7,6,1,7,7,7,1,7
88976,e33b1aa180b7c6bcc569f826c848b7fe22881aee77ff25c3a3b507e4.jpg,7,1,6,4,4,7,4,1,6,7,6,6,1,4,6,1,1,4,4,1,6,4,7,5,6
89077,e4fd6974c439a9f15a577b077dc65bedbbfcf6e17edb85fb8faf40ad.jpg,0,0,0,0,0,0,0,0,0,0,0,0,0,0,0,0,0,0,0,0,6,0,0,0,0
208545,e5679aea24bc0f748cf18e8ceb343d3c1c2b9d0fe529c5ca9972247d.jpg,5,7,5,0,6,0,5,5,6,6,0,5,7,6,7,7,7,6,6,5,7,7,7,7,7
221178,e6ae71c30321a8b9213d4b2406cd519b04cb1639b9581fd526a6ef73.jpg,6,6,6,0,6,7,6,6,0,0,6,6,7,6,0,0,7,6,5,5,6,7,6,7,6
117346,e82278d5623ee4af04850c54c2b1284be7e2797a8c39a8900506d7b1.jpg,6,6,6,6,6,6,7,7,0,7,0,6,6,6,6,1,6,6,6,6,6,5,6,5,6
79077,eddf374015d23751ebca5940d19e3d0b5f78d1960a6c2fbc465c5779.jpg,7,0,0,5,5,0,5,0,0,7,0,4,7,6,5,7,6,6,6,6,7,7,5,0,7
273094,f378c0d31c40ee42820fae703211030d91fc1744772b188f68e77132.jpg,6,0,0,6,6,6,0,0,6,7,7,0,7,6,0,7,0,0,7,6,6,0,0,7,7
252348,f39a6c8745dfd304d3619b06db8111c45769c7c160d2549200d79f13.jpg,6,6,7,7,0,7,6,0,1,7,7,0,7,6,7,7,7,0,0,6,7,6,0,0,7
90426,fa604f8d868fa5844162e2a0e1858fc1439fd43056538951b091a4ed.JPG,2,7,3,1,7,7,0,7,7,7,5,1,7,7,1,7,1,7,6,7,7,7,7,7,7
283258,fb2be89b0aa0fb2fa96789d00b6c6e5ad2a29756a057c8cefe6aecf7.jpg,7,6,1,6,0,6,0,0,6,7,7,6,7,6,0,1,5,1,0,6,6,7,0,6,5
273775,fd38957f99d6fa5c50064b8adeba01f88cc25bfb42103a48c87ed24e.jpg,0,7,7,0,0,7,7,0,7,7,0,0,7,6,7,0,7,6,0,0,7,7,7,7,7
374215,fef09ab41ebb4dd1be12799ab071637265e1fa895d942bb6341ff9e5.jpg,6,0,0,0,0,0,0,0,0,0,0,0,7,6,0,7,0,6,0,0,7,0,0,0,7
96698,ffc804205cabc8159acd73e8f9ad0261cf1b3d3741071356e46f01e1.jpg,6,7,3,7,2,7,2,2,2,7,7,6,2,6,6,7,7,6,7,0,6,2,7,7,6
167173,041fba12627cbb9c04c5b1d7e9a9f306b0ad7d09b3132a3ff886643e.jpg,6,7,6,1,4,4,6,6,6,6,4,4,6,4,4,5,4,4,4,4,6,4,4,2,4
130388,04fe127d846fec698ac2999d74396dbb665f10854ca1ec7df4ce8028.jpg,6,7,7,7,0,7,7,7,6,7,7,6,7,6,0,7,7,6,0,0,7,0,4,7,7
178146,089b717595202506e8765612dc56032afb5ddea41fc36a6ebe3e8b0c.jpg,5,7,7,7,5,6,5,7,6,7,7,6,7,6,7,7,1,7,6,0,7,2,3,7,7
39895,0bed2fe9b7d224624345074cea6f5dd15df2fe4d3964a9ecaea8043d.jpg,5,5,5,5,5,4,5,5,4,5,5,5,5,5,5,5,5,5,4,5,5,5,5,5,5
384104,0c787327aa7bd323feea2a01ee64b3e6231cfd0bc6abd7b9981478cb.jpg,2,4,4,4,4,3,4,4,4,3,4,4,4,4,4,4,4,4,3,4,4,4,4,4,4
228474,0cd8be2506ee14d37278bd02318aac007c949dbcf90af50658328f16.JPG,6,0,5,4,6,7,6,3,1,0,0,6,5,5,5,5,7,5,5,6,6,5,7,5,7
176551,11cc99f5d37fdbbc0362cf7d598cfad8c27ee4490f67da8bcfec6d86.jpg,2,4,7,5,5,3,2,5,5,5,5,2,2,2,4,2,2,4,2,5,2,4,7,2,2
296638,11ef07975ccf8ee2e8815c89b189635712f82f7976dbcfa488b337ee.jpg,0,0,0,0,0,0,0,0,0,0,0,5,7,0,0,0,0,0,0,0,4,0,0,0,0
45188,16599957bf4d5cdb923da4bf080e7697448126e4db60063cece90f70.jpg,6,6,4,4,4,0,6,4,2,6,4,5,4,4,6,4,2,7,4,4,7,4,6,6,4
26902,1affa89c3b695dc40507849174200e8a444e7a52f857305c413d242d.jpg,4,4,4,4,4,4,4,4,4,4,6,4,4,4,4,4,4,4,2,4,4,4,4,4,6
42841,1bda4ea2770026aa42025c63a6873fd90edec5a7f8a99692187f3f51.jpg,4,7,7,4,5,6,2,7,5,7,0,4,7,7,4,6,5,2,6,5,7,7,3,7,6
272249,1eecc4855cce447cdfbe73e464e83350c775e882b5b194ab02e33f03.png,4,1,4,5,4,4,4,1,4,5,4,4,4,4,4,4,4,4,2,4,4,4,4,5,4
287909,2021d689df667fdd2f560d83df89dd944d4308fd669ac8073bceda3b.jpg,7,4,5,5,4,5,5,5,5,5,5,6,4,4,5,7,5,4,5,5,5,4,5,5,5
59805,21d04ca8d8e23cf2fe971e548353ecd049653d039eba4d6d14f67c2a.jpg,5,5,4,5,5,5,5,4,5,5,5,5,2,5,4,4,4,3,2,5,5,4,4,5,5
107254,252ef62fd972da64b009a74a47c6c85421052ef3b5d3bcb0b48fee61.jpg,5,1,4,5,5,1,3,5,1,5,5,5,4,5,5,1,5,5,5,4,5,5,7,5,5
201942,29552866c127a8c5ff376ddc1e8e805b8bc922b2fb937d2b5e740e14.jpg,4,4,4,4,4,4,4,4,4,4,4,4,4,4,4,4,4,4,4,4,4,4,4,4,4
120120,2a94bed6652300e1300961f1efcf2b1f4358efde2868edc4b8bb34f0.jpg,7,7,7,0,0,0,2,0,0,7,2,5,2,7,3,7,7,7,3,0,7,2,3,7,7
397229,2c3c9c15f3cfe78e2d339913327a22cf7a3f1801567648eef96041a5.jpg,7,1,5,5,4,5,7,5,5,5,4,5,4,4,4,4,4,4,4,4,5,4,4,4,4
115633,318c9406cc97bdb6ba01f6b3f860a6983f6d098eae9dfb15b50375a9.png,4,4,4,6,6,4,6,4,6,5,6,4,4,4,4,4,2,4,4,5,4,4,4,6,4
184350,31c62711d19c9bd6a14204c5680b7d9f6e6bfa65dd6c6ac97343c695.jpg,6,5,5,5,6,5,4,6,2,5,4,6,4,5,6,7,4,5,4,4,7,4,6,6,4
138385,346f60c9b8cc28981982c362ec5b0e05093099ff87d94d5b9a64d25c.jpg,2,7,7,5,5,7,5,7,5,5,3,5,5,4,2,5,7,5,6,6,6,5,5,5,2
77750,37907d0bf8a5eb9c0bd2ef626d6193b5a99e0e599f2df747541a6c81.jpg,5,4,4,4,4,6,4,4,2,5,4,4,4,4,4,2,5,4,3,5,2,4,4,4,4
111170,3a22d685c957c585e3ad9602a087c6fc936b19a5f6a2cfa1221a7e70.jpg,5,7,7,5,7,7,7,7,5,7,7,7,7,7,7,7,5,4,6,6,7,7,7,5,7
392489,3a46a11ced48f07f98d85e1acb532678b0f108aaa9cd0f89c7bdb7f2.jpg,5,6,5,5,5,7,5,5,0,5,5,4,5,5,2,5,5,5,4,4,5,5,7,6,5
303798,422545e614dd42e3379b209bd610314878606521a9333a7e123ef013.jpg,4,4,4,4,4,4,5,4,4,5,4,4,4,4,4,4,5,4,2,4,4,4,4,4,4
144565,42e06cc55a6d64038ba6438fff7ecc9f6effaf4fe782b75aebd6e23e.jpg,5,4,5,5,4,4,5,4,0,0,5,5,4,5,5,5,5,5,4,4,4,4,5,5,5
69533,45697ea1c82637f0cb2a23a14f371d5cc0d61becd6d7b981dfe3d96e.jpg,4,1,4,6,0,0,4,4,2,7,4,6,6,4,4,4,4,4,0,4,2,4,4,6,4
98765,46ca06e4501b27b3b98340f78c1247837cd2b728b891d4e2c7d53330.jpg,4,4,4,5,4,4,4,4,4,4,4,4,4,4,4,4,4,4,2,4,4,4,4,4,4
269091,494430cada462358573768bff387f9ad7c6063dcc852f0ad8cf2874c.jpeg,4,1,3,5,1,1,4,1,5,1,1,1,4,7,1,4,5,5,1,5,3,5,5,5,4
245297,49b02760574441e7edf704ad39452e709b9c6e35e536eefdaa861bf8.jpg,5,6,4,4,5,5,5,6,6,5,3,4,5,4,6,5,2,3,4,5,2,2,3,5,4
258319,4a45354525d6d22ae5841255a9634abe117dbe07cb67733475039c93.jpg,4,3,4,6,4,4,4,4,4,6,4,5,4,4,4,4,4,4,4,4,4,4,4,5,4
409162,4b9d0ea470edbeae3f742209cb540a32e7550e939cf391a64881bbe2.jpg,6,3,4,5,6,6,4,1,6,5,6,6,2,4,1,2,5,4,6,6,7,6,5,6,6
190719,5032b95054986dbe0bb7345043ec9e5ee5bb1269935c316eaf843958.jpg,4,6,6,4,6,6,6,4,0,7,6,6,7,6,6,7,0,4,6,4,6,6,4,6,6
236126,50a94b5f81b9c34e07b568f3a4d2492ea0dc25a0f34a19ea60ff5f7b.jpg,2,1,5,2,3,2,2,2,3,5,3,2,5,5,2,3,2,4,6,1,1,5,3,7,5
74644,541bc0e31530baa861d447f059cb9a89a770d48360b6690f450e4145.jpg,7,3,6,5,5,5,5,5,5,0,6,4,0,5,5,5,4,5,2,5,6,5,3,0,4
291106,56d705afe9a2d95768a10cfc29c788638a6d4d89750175120bafb8ff.jpg,5,4,4,5,5,5,5,5,5,5,4,5,4,4,4,4,4,4,4,5,5,4,5,6,5
189381,5a7c775b5ef5d4d88b9183f47e93bb2a50671e4d8ea5784e9fcb54b8.jpg,1,1,1,6,4,4,6,5,6,5,4,5,1,4,4,4,5,5,4,5,1,5,4,1,4
364578,5d80808b47cb1e39a9829b7dd5898b685defc34130091b4ff1053c6d.jpg,6,4,6,3,4,4,4,5,6,5,7,4,5,4,4,7,4,3,6,4,4,3,2,2,4
158177,6109bbd80d961a7cf0367ee3007238dd90d15ac346233c7ac928cb4f.jpg,0,0,5,0,0,0,4,0,0,0,0,6,7,6,5,4,5,4,0,4,6,0,0,0,0
131855,6433e5b61d8a70101a63871e639f5d5ece602710d0ac8154eaf6f24d.jpg,3,5,6,4,4,4,5,4,5,6,5,4,4,4,4,4,4,4,4,5,4,4,4,5,4
24595,659388e3e654eacd63a4ce485d873577f187e6c613a4a2353150804a.jpg,7,7,7,0,6,7,0,7,0,7,6,5,7,5,7,2,0,2,0,0,7,7,7,6,7
7964,66dd6c6620a0755c69980202ad4d07df557034ac89b918b4d5a85dc5.jpg,7,6,7,4,6,4,6,7,4,7,7,4,7,4,4,7,7,7,7,4,6,2,7,7,6
103948,68a59ac70869cb2b655ae48397b1cfaeaae9f563db85075fc97fc329.jpg,2,4,2,2,2,2,2,3,2,0,2,2,2,2,2,4,2,5,5,2,3,2,4,2,2
398317,6b20a251f4d3cc0834018d2a334fcd31a22fdc042811eee53b7018b4.jpg,7,1,6,4,4,7,0,1,6,7,6,1,7,7,6,4,1,4,4,6,7,6,7,1,7
246588,72b040d8b6fd8014bad4b1ac94c142d48867cddc634d181d23f947c2.jpg,5,4,6,6,4,6,4,4,0,7,7,4,6,4,4,4,5,4,4,4,6,6,4,4,4
105709,72d2d6b09bcce40dd1f6a005c69b397778f9a93c4b33e41ef6f56444.jpg,6,1,0,4,4,4,4,4,5,6,1,4,1,1,4,7,4,4,0,4,4,4,4,7,5
351665,7a733d4bc42fd90ed3538b4a1ab585ceb4f46ad6122a0d77004d1d7c.jpg,4,6,4,4,4,4,4,4,4,6,4,4,4,4,4,4,4,4,4,4,4,4,4,4,4
375444,7abc334b3ffa9a482dfc319fb036c7b463bba5f6a0f1d62ff8c3e12f.jpg,6,7,7,6,7,7,6,7,6,7,6,6,7,6,1,7,7,7,6,7,7,6,6,5,7
174914,7c33bfc345ef31388ce43af4c1485038ca72c0a568c2864c2eb78021.jpg,4,2,2,2,2,2,5,7,2,5,2,5,4,2,2,7,2,5,2,4,3,2,7,4,6
231828,80c4b702c85518db26112e31807d73d0ab01d6ddaad19d8d4d4068e4.jpg,2,4,4,4,4,4,4,2,2,4,4,2,4,4,4,4,4,4,4,3,4,4,2,2,4
167169,812bd9163058e4cf6316ade4b4229d4a54131d3e3c40691175c08d59.jpg,0,7,6,0,6,1,0,1,1,0,1,1,7,6,4,4,1,0,0,6,7,0,0,0,1
92416,81aa595e78562c9abf2613eaeed34bda8cadd51f6811117cea8672d5.png,4,7,4,4,4,4,4,6,4,7,4,4,4,4,5,5,4,4,4,5,4,4,4,6,4
343358,86962c1c8a53c5165173235cf31dc821862818901761bbaf54bc4a57.png,4,5,7,4,6,7,4,4,0,5,4,4,4,4,4,4,4,5,4,6,4,4,3,4,4
293340,87a4d2faefe215b0a0da376c9e8d59acf5d10eb43261bcca50d23b16.jpg,1,7,6,4,6,6,6,6,6,7,6,6,6,6,0,4,7,4,4,6,1,6,6,6,4
23664,893deedf7212df6890e1ef67daa0ec45679ed45f4adc29553be925de.jpg,5,7,5,4,5,6,4,5,6,5,5,5,5,5,4,5,5,3,6,5,5,5,4,7,4
318165,8b46a69dbedd1649c83d6a2da2d1e24ffdfa7726e822bec0b40e27b6.JPG,6,4,6,6,6,7,7,0,7,7,4,4,4,7,0,7,5,5,5,0,6,5,6,6,6
323023,9af5dad393a71325331454ac74e7f0b6468977726db1c255cc1756b9.jpg,5,5,7,5,5,7,5,5,5,7,5,5,5,5,5,7,5,5,5,6,5,5,7,5,5
413928,9c925a74c4f24a27f29665ea0509de832c4a12f5ed045071aa90d626.jpeg,4,4,6,0,4,4,4,6,2,0,4,5,4,4,4,4,4,4,4,4,4,4,4,0,7
337120,9d27aa641a22999e37e7c875dfa4d9e2371e941afd28102cab3ad019.jpg,1,2,1,1,1,1,3,4,1,1,1,1,5,3,1,1,1,5,3,2,3,2,5,1,1
314214,9e00497694e216bf82f47aea6e46235acbd4fba141e657dfcd348799.jpg,2,7,3,5,5,1,6,7,1,7,7,5,1,7,6,7,2,1,4,6,7,7,1,1,7
58173,9f3862fd2c103de19c85e030d86fe20f9b9aff0380794a41b6d21e7e.jpg,6,1,6,0,6,0,0,0,0,7,0,6,5,6,0,0,6,0,5,0,7,7,7,0,6
331881,a17a5ce5f74f66760f35d2670bab7ee8c2b1c48e3c4b3b0a301f7ef9.png,0,7,6,4,4,6,4,0,0,6,6,6,7,6,6,7,6,4,4,5,6,6,7,5,6
4438,aa443e63af417299fdb88110fc353632dd2910355ba219333bd90d8d.jpg,6,6,1,6,1,1,6,4,6,6,7,6,6,1,4,1,1,1,4,6,6,6,4,1,6
378301,aba76296110e340192543aa3b469a4bdc7a3d3884cd4e2b881aea766.jpg,6,6,6,5,4,6,6,6,6,6,4,6,6,4,6,4,2,4,6,4,5,6,5,6,6
32599,aca9c4eda9b9f1e0114d055f26ed56be9cb0b323b3c46de926f7d3c7.jpg,1,1,4,1,4,1,4,1,1,1,1,4,4,4,1,4,1,4,2,4,1,4,1,4,1
371430,adacca21becdba1070ff62172227291bd3c8d4d715032eef0dd838d2.jpg,4,3,4,4,4,4,4,4,4,4,4,4,4,4,4,4,4,4,4,4,4,4,4,6,4
124662,b15b22f3a1a2f431c96478b02fa8ae6da3967766008d582838e9d92a.jpg,5,5,5,5,5,4,5,5,6,5,5,5,5,7,5,4,5,5,4,5,5,5,5,5,7
43173,b47df3ef6cad3ee5789c11b7e286ac177afe6e09b29d4ed13e93932c.jpg,5,5,5,2,3,5,5,2,5,7,5,3,2,2,2,3,5,3,6,5,5,2,5,5,4
401031,b5b5b3c0a3ec13a769820974ac9540840268de022470f480b32db530.jpg,4,4,6,0,4,4,4,6,4,6,6,4,1,4,4,4,4,4,4,4,6,4,4,6,6
117703,b61b7b49719032f22618eea3413fefc35368ca25480ac87e114a224a.jpg,5,6,0,5,3,4,3,5,2,7,5,6,5,5,5,5,1,4,2,2,6,6,4,2,6
266332,b8b108e031186958dd9e6a3425f6af07af690130e011c59fdd77f0b1.jpg,7,1,7,5,5,7,2,7,0,7,7,7,5,7,1,7,2,5,7,4,7,7,7,7,7
414623,b8d796f105ca3daddaf7aa11fc445c4e3a5a613dd28c8e3b12c9a83d.jpg,6,6,7,4,6,4,3,4,0,7,7,4,7,4,6,4,7,4,7,6,7,6,4,7,7
158575,bd469b9ceac9b176cb8640bf6c49b482f59853f4908cbddecf408886.jpg,5,2,4,1,4,0,4,0,1,1,4,4,4,4,4,4,4,4,4,4,4,4,0,5,4
386460,c0201b265b3839d5fde7db1a6e392d9bbc9c92afefe4f5f0496a737c.jpg,2,1,2,4,6,4,4,1,2,1,2,2,4,4,4,7,2,4,5,1,1,2,3,1,4
60466,c23b9ee5a22b36cf63b07bdacb4e0376548e4720da9fe19195cb4edb.jpg,1,4,3,4,4,4,4,4,5,5,4,4,4,4,1,4,1,4,4,4,7,2,4,4,4
144892,c3920585441f5118ec2954f3d2c78b8acda4b24b587d29e9b4f88a3d.jpg,0,2,0,5,4,0,4,2,0,0,4,5,0,0,0,0,5,5,4,4,5,0,4,0,0
140940,c57c476f0d29993669c2d4386c3896cb7a32c91d34b6da461b6a20d8.jpg,7,5,6,5,4,4,5,5,4,6,5,4,4,4,5,4,5,5,4,5,6,4,4,5,4
160893,c6ed3ce5aeaa849ed41ca4edf8a319e6d14164595cc4394006d4bee7.jpg,5,5,5,5,5,5,5,5,5,5,5,5,5,5,5,5,5,5,4,5,5,5,5,5,5
356513,d3bf74e84af6860ee7d5de7a2a0390d87036005b388d7d8e906dff8f.jpg,4,1,1,4,4,1,4,4,1,5,1,4,4,5,4,2,4,4,2,6,1,4,1,5,5
129278,d3ecb803061c9101c619ab6097a3ea0fda0e617c6e6310e24ae8b510.jpg,5,4,5,5,4,4,4,6,4,5,5,6,4,4,4,4,4,5,4,5,5,4,4,5,4
226655,d46fd284b1d747da3bea6e75cc3f26370c1c57d51ac0e6e42059cd1c.jpg,7,0,7,5,6,6,2,5,0,6,5,5,0,6,0,0,6,0,4,5,4,0,7,0,7
175175,d8426e8fb729e3b9b0c13237bbe6c05ac80f04cb1770ebcd7aecac55.jpg,2,7,3,1,4,6,5,5,0,1,5,1,5,4,4,5,5,4,4,4,6,2,5,5,6
299868,d8533911f1ee6d4295b85444ccaa41b1e51cbf303d7c2d79b8edb11e.jpg,5,4,5,5,0,0,4,5,5,0,5,5,5,5,5,4,5,4,5,4,5,4,0,5,5
31079,dacacc29cf3a8ab7f94a24cf1a313c2bcd13ca9fe00e6932773fac16.jpg,0,0,0,5,4,5,0,5,0,0,5,5,0,0,0,0,0,0,0,5,7,0,5,0,5
407799,db07a74568f0e696cd8ca1a18dae43121dc5d7aa5ab50333230ccdcc.jpg,6,1,1,6,6,2,1,2,6,1,4,6,7,4,6,1,1,6,2,4,1,1,7,7,6
324028,dfa3631316c3c1577b3132aded480f8ecc2fd1cb07a435a71414cb3e.jpg,5,4,5,5,4,4,4,5,4,5,4,5,5,4,5,4,5,4,4,4,5,4,5,5,4
324020,e3aff70a245656e23926baa484694c0ed1761b114ed71aac9315b85d.jpg,2,0,7,5,0,0,4,0,0,0,0,4,4,6,4,7,4,4,4,4,5,4,4,0,0
117166,e416e86f7e54dd2d9c5236f56583533e25483b736acae805cb96077d.jpg,1,1,4,1,1,1,1,7,1,1,4,4,4,6,4,4,1,4,2,4,4,4,4,4,4
36920,e5666c0eb1ece2f8b6b267b51a6ea146c64afb9a0cd09ea60ad4ee2c.jpg,5,4,4,5,4,2,5,5,4,5,4,4,4,4,5,4,4,4,4,5,5,4,2,2,4
134913,e78e30d90ed9ac5abe63c60cbd2b3d7bb4ccc17dca7b679efa919357.jpg,4,7,7,4,5,6,2,7,5,5,7,5,5,6,1,7,7,7,6,5,7,7,7,7,7
342201,eb7e682056a4206a4a98b979dba18ef4087a5d017f0fedca45b06bdd.jpg,2,4,4,5,4,4,4,4,2,5,4,4,4,4,4,4,4,4,5,5,4,4,3,6,4
113889,ed0588154f10b693da7a2e41c4d2c1468b7fff4a88d4a2b7a24424bb.png,4,4,4,4,4,4,4,4,4,4,4,4,4,4,4,4,4,4,4,4,4,4,4,4,4
156397,f0e9861c879a45e788325f1c3e8212a0578356b5ccb455b71afdd210.jpg,4,1,0,6,5,7,0,0,4,7,0,5,7,6,0,7,7,5,4,0,5,0,0,7,7
268170,f202fdd4549d004b86603f02532368651c444643bdabf3bd9006ae00.jpg,6,5,5,5,5,4,5,4,0,5,5,5,5,5,5,5,5,4,5,6,4,7,7,5,7
23590,f357685cb0b16f2a058a6918b675fa4aa6e41fc12d77c10d28e6fe50.jpg,6,7,7,4,5,5,5,7,5,7,7,5,7,5,1,7,5,7,6,7,7,7,7,7,7
330303,f4284335371106ffb68d15cf5038abce418a4b45421a1b57504184f6.jpg,4,4,4,4,4,4,4,4,5,6,4,4,4,4,4,4,4,4,4,4,4,4,4,4,4
343723,f430c12ca97321e0b669706f9396a998d331bcd8b6ad1dd5d9d3e089.jpg,4,4,4,5,4,4,4,4,5,5,4,4,4,4,4,4,4,4,4,4,5,4,4,2,4
368667,f564677faf3a8b504c03ced1d230d1698b6f10ecb3818b95ee56c23b.jpg,5,3,2,2,4,4,2,6,4,7,5,4,2,2,2,5,5,2,4,5,5,5,5,2,6
372173,f79832dd6c4892d5ca6ec0c91a444f3ad3cd182cd955a4efb933d243.jpg,5,5,5,4,6,5,2,5,5,7,5,6,5,4,4,7,5,4,6,6,7,7,5,5,7
328211,fc7919e7baa8237417065674ee81150aff094b7fe8fcd52ab9d7b01c.jpg,7,0,0,6,0,0,5,0,0,7,0,0,0,6,0,0,0,0,0,0,7,0,5,0,6
355646,0686db17b260924aaa40b48637eb146073ce0b0aaf98bd41d7fe4385.jpg,2,2,2,1,2,1,2,2,2,2,2,2,2,2,2,2,2,2,3,2,2,2,1,2,3
89919,07876e231badb96b601852d07cadcc4d0beab35dbed0952d86010c6b.jpg,2,3,2,2,2,2,2,1,2,2,3,3,3,3,2,2,2,3,3,3,3,2,3,3,3
72831,0917c526e9a255dba517378455f95919100a89bfb4691ee9486f3660.jpg,3,1,3,5,3,3,7,6,6,5,7,3,7,1,3,3,3,4,7,2,2,3,3,4,2
370206,130a35e8c79ccc22c041a7be38061869f193457c74d3d27c5138fcf0.jpg,2,3,2,2,3,2,2,3,3,4,2,3,3,3,3,3,3,3,2,3,3,3,3,2,2
219770,15be771bb30fffb4df7b7f0bf5ae2dfb6c597418df4cf28c9b3ca048.jpeg,2,3,3,3,1,1,2,3,5,3,5,3,1,3,0,1,3,5,5,3,3,5,1,5,3
119599,189f28ece2bcf3ab6dc36cc138b2e7848a98ccf424a19c44b325fffb.jpg,7,7,7,3,3,7,2,3,3,7,1,2,7,2,2,2,2,3,2,3,2,2,3,7,7
194174,1bc6ffac09d0d10a36caf82a039680ede5511a0231b3f73e0f3d17d5.jpg,2,3,3,2,3,3,3,3,3,5,3,2,2,3,2,5,2,2,3,3,3,2,2,3,2
328544,217f7ef2f6558460e6263e19cca8dd391400771eda864cc5f7734389.jpg,2,2,2,3,2,2,2,2,2,2,2,2,2,3,2,3,2,3,3,2,2,2,2,2,2
355211,2193c337b0bdf75b2fd59164e92a3d22bf50cf86cd1c6f156f10d77b.jpg,2,5,2,3,4,2,2,5,3,5,3,3,3,5,3,3,2,3,4,2,5,2,3,2,3
1973,281501b8a28bbc2f2f49a0427b8515d3a55dc31a563d1f78496297b2.jpg,2,3,2,2,2,1,2,2,2,3,3,2,3,2,2,2,3,3,2,3,3,2,2,3,2
79726,2a18d8e61284ed2805524d11de9b92e676d00134b6fd083d9c68b6f8.jpg,2,4,2,4,2,2,2,2,2,3,2,2,3,2,2,2,3,2,3,2,2,2,4,2,3
20425,2ee60b5c172d12952a0e2dd065fc2aedfd50be900ced9068cad410e9.jpg,2,2,3,2,3,1,0,3,0,0,3,5,0,5,3,0,0,5,2,3,2,3,0,3,2
57039,33ca4050932b8705f24651a62bfb128a1ec5d8d6d53593cf24c1a7a7.png,2,3,2,4,5,3,3,7,2,7,2,3,2,2,2,2,2,1,6,3,2,2,5,2,3
168312,37105ded9a16a128acce1de91de4f58d8e61b5f885d1b1cca610ddb3.jpg,2,2,4,5,2,2,2,2,2,5,4,5,3,3,4,4,4,2,1,4,6,2,5,4,1
185778,3776998a7f3987fc6eaa06cc82886568de31d04a37fb234a80fdbf01.jpg,7,7,7,2,2,2,2,2,2,7,1,1,7,3,2,3,2,3,6,2,7,2,7,7,7
40636,379c07d1dfefa72ea9c63e2e78a1ac77bfe5712808440a6502da5004.jpg,2,5,2,2,2,2,2,5,5,2,5,2,5,3,5,5,2,5,2,5,2,2,2,2,2
145616,385110a9a89e31b9ff4bf4aa75dcc6f1ab2dad84d894335d3a8fe658.png,2,1,3,5,3,7,1,3,5,5,3,5,2,5,2,1,2,2,3,3,1,2,3,2,3
65541,394fddf3c80a66608517484b7aa66ee5668cf0fe366363180a831719.JPG,3,1,3,4,3,1,1,1,1,1,3,1,3,3,1,4,1,4,1,1,1,3,4,3,3
370965,3f458029d6bed973c2ed37b236d5da3be93841c9c5efbc136e4df400.jpg,2,3,3,3,3,1,3,3,4,4,3,3,3,3,3,3,3,3,2,3,3,2,3,2,2
322697,42e386e91c67120c8fd98d74b9407af0285357fbd1d9b7db4c08d276.jpg,2,7,2,5,2,2,3,6,2,7,7,2,2,3,2,2,2,3,2,2,2,2,2,2,6
274560,46418a2912a7fcae7b7a8483260fd4f391187cc057f8a29f5927dace.jpg,1,1,1,2,2,1,2,1,1,1,3,1,3,3,2,1,1,2,3,1,1,1,3,2,1
404217,477ec867846ee78d8e5602a27d6adeadea29496461482df9642484b3.jpg,2,2,2,2,2,2,2,2,2,2,2,2,3,3,2,2,2,2,2,2,2,2,2,2,2
290233,4848b59157537282251972efef689e6ccf1fcb4bf8e25b57fcc0d103.JPG,2,4,3,5,5,2,3,4,2,5,3,5,2,3,3,3,3,3,3,3,3,3,3,3,3
403866,4c9a4253781b14188f2326178291162a84a51998937e7f396f750b3c.JPG,2,7,7,2,2,7,2,7,2,7,2,2,7,7,7,7,5,7,3,3,2,2,7,7,4
37958,4da1b296caa76a90ede4bd679a50ac5ad04013900c421e7d61620c46.jpg,2,2,2,3,3,2,2,3,3,1,0,2,3,3,2,2,2,3,2,3,2,2,1,2,3
324241,4f3245de13b517514a13df9703ae6513fefc2e3205b89f12c84c29eb.jpg,4,4,4,5,4,4,4,5,4,4,4,4,6,4,4,4,4,4,2,4,4,4,4,4,4
77238,4f9ceb668bd9dc61e8544cb027829c35f490d4bcd12af2aea223e969.jpg,1,1,3,1,1,1,1,4,1,1,1,1,1,1,1,1,1,1,3,1,1,1,1,1,1
245513,5038e4b0b8643bc879a736426c30947d5834290ebd6284fcbbdf0eab.jpg,5,3,5,5,0,1,4,5,1,0,5,5,1,3,1,5,1,5,2,3,4,5,0,5,2
374779,53076d20f16031c748a8e81f3e5ba62475edc72454d5440a5290adb2.jpg,5,2,2,3,2,2,2,2,2,7,2,2,2,2,2,2,2,2,2,2,2,2,5,2,2
247879,534a7d566074c482173d8956bc6157a82f2d389937ececbc63c0b250.jpeg,2,3,2,3,4,3,2,2,3,4,3,2,3,3,3,3,3,3,2,4,2,2,2,2,2
314128,5560e9dcbadd064dea0be4301ef89d98d48fce204151ae73351a503f.jpg,0,3,2,2,2,2,2,2,2,0,7,2,7,4,2,2,2,2,4,2,2,2,7,2,6
211878,563923970e45c0dc39151857be7ad3eb7913c8ca7723847a463df4a5.jpg,2,1,2,3,3,1,3,3,3,4,3,3,3,3,3,3,3,3,2,3,3,2,2,3,2
399794,588e46451925b698a6b44fb518efdc08038d3a1fa4176e50db89d6ec.jpg,5,4,6,2,4,4,2,6,4,4,4,6,6,4,4,4,5,2,4,6,6,6,2,6,4
222743,5a03160bb80cc2a1895eca9aff89a617862b3a525c7e2f9c959a2d53.jpg,2,3,2,2,2,2,2,2,2,2,2,2,1,2,2,4,2,2,2,3,3,2,2,2,2
312187,5d38c6b447f8efcb3ac0ed55ec5a39ef98ba27d6343bc60fc9663352.jpg,2,5,5,2,1,2,2,5,2,2,3,4,1,2,2,2,2,1,5,3,2,3,2,2,5
165873,5e24ae62f59942913e4660d4932df5e2675ea9dfebbba9c78ade3345.jpg,2,2,2,2,2,2,2,2,2,3,2,2,2,2,2,2,2,2,2,2,2,2,2,2,2
161155,623652f8433ba368292c53fe30b5454bf7713e495ed6d9014668dfe6.jpg,2,2,2,5,2,2,2,2,2,7,3,2,2,2,2,2,2,2,2,2,7,2,2,1,7
248827,62ded7a26a39c8453d48b0b80762678c6af7e8903b7f2fe24482ce04.JPG,5,7,3,5,2,4,2,3,3,3,3,7,5,7,4,3,5,2,7,3,4,7,2,7,1
163827,6407f70bb872d3ac2e38460bd0b026d296f49976785acf19cb713a9d.png,2,3,3,5,1,3,3,3,2,3,3,3,2,4,5,3,3,3,3,3,7,2,3,5,5
3164,6589ce0af9f4328a2a2d19e53330577c7c547eab6caa109acf44a4cd.jpg,2,2,2,2,2,2,2,2,2,7,2,2,2,2,2,2,2,2,2,2,2,2,7,2,2
148061,66bc4014ce3dfb7c5c5b9fa7d95fcd226e784fa9c8c0570f45f285c8.jpg,5,7,5,4,2,7,4,7,5,7,5,4,7,5,7,7,5,7,4,3,5,2,4,7,3
188276,66d46a91b2f416f951c1fddd6a016bbbce36a41dfc581e0efaa925cd.jpg,3,3,3,1,3,3,1,3,3,3,3,3,3,3,3,3,3,3,3,3,3,3,3,3,3
16679,67fe086ef2e498e7435ddce48b0fefbf1f0c6aa65c85f31531b309fd.jpg,7,7,2,6,3,1,2,2,6,7,7,2,7,4,2,3,2,7,2,2,3,3,3,2,7
173282,6aa942e96323781ed643fb1db0f70028d9000c7980d443d4ba984a15.jpg,2,2,2,2,2,2,2,2,2,5,2,2,3,3,2,2,2,2,2,2,2,2,2,2,2
389937,6adb89a860a247c6328f1feeedfa199587891ff02e5843a51ac9e8b2.jpg,5,7,4,4,1,1,2,3,1,1,5,5,6,1,5,7,5,7,4,3,7,3,2,1,7
55347,6f602232ce3a5b01a3b848dd1b7c123416e39e90448728fbe64d81a8.jpg,1,7,5,4,1,1,2,6,2,7,7,5,5,5,7,7,5,1,3,1,3,7,5,5,7
365168,7563150084ac5a656d375cdcf2235e6ddad88f5c379628cc15b8a48c.jpg,2,2,2,3,2,2,2,2,3,4,2,2,2,4,2,2,2,2,2,2,2,2,2,2,2
388158,7cfed1cec2f8d662a1adb43441c2135b9c7513fb789147cf6413b067.jpg,2,2,2,3,3,2,2,5,2,5,1,2,2,3,2,2,2,2,6,2,2,3,5,2,2
313177,7e84b9d3fa195aec52e0b4f70f2a419555720407d637427a0ecf2521.jpg,2,7,2,3,2,4,3,2,2,7,3,3,7,2,2,7,2,3,0,3,6,5,3,3,6
281774,7ef390429a6ee278468ea94265c4ee85611fba3112d567a7035081df.jpg,4,3,4,5,4,2,2,4,3,4,4,4,4,4,4,4,4,4,4,5,5,2,4,5,4
8392,7fac9a1bfee79ba0fa083458ce2c9b245e1657090e601c37439f969a.jpg,2,4,2,2,2,2,2,5,2,5,2,5,3,3,2,5,2,2,2,2,5,2,2,2,2
113346,80c530da642f79b69a50455fe6a2c73cdec65adb6cec1a5bfaff5cf5.jpg,2,2,2,2,2,2,2,2,2,2,2,2,2,2,2,2,2,2,2,2,2,2,2,2,2
3452,8586f367e6b59ea46ab37c6cf52e6245cc0b8e4c8be59b12bdd1a8a3.jpg,1,1,1,1,2,1,7,2,1,0,1,1,3,1,0,0,1,1,2,2,1,2,1,2,1
175806,859d5f54e4870c8dbed779f90bfa1d68590c0705e1aa4cd6d68e18e7.jpg,2,3,3,3,1,3,3,3,1,3,3,3,3,3,3,3,3,3,3,3,2,2,3,3,3
66011,88a0247b88a2d84413e5af60ff7297d3ec38d3d0669146c90996c338.png,4,7,6,4,6,6,4,4,6,6,4,6,6,4,4,4,2,4,4,2,7,6,4,5,3
315113,89722927df7d666eabf7749e1cacd6c55395190a57465049587b92d7.jpg,3,5,5,2,5,2,2,5,5,5,5,5,3,5,2,5,2,5,4,5,5,2,5,2,5
57461,8d49d944c27e0befa067b5d0e3cb4042857987d84e5da51f03582e98.jpg,7,7,7,2,2,2,2,2,2,7,7,7,2,2,2,3,2,2,2,6,6,7,1,2,3
405056,8e567644d74c25ff3375447d68421a08e2880a5ed9996c97edcd0a47.png,2,3,3,5,2,3,3,3,2,3,2,3,3,3,2,3,3,3,2,3,2,2,3,3,3
286015,8ed05e01d88922e8aa21bd677aef825d2913de3a1ad17926b16a60f7.png,2,7,7,5,7,2,3,7,2,7,7,2,2,3,2,3,2,7,2,3,3,7,5,5,7
124278,8f28a56072cce37003ce0c3af6d3e4f2f531605b4de27810d8a42083.jpg,7,7,2,5,2,2,4,2,2,7,0,2,2,6,2,2,2,2,3,2,3,2,7,7,2
224510,8f97b8a8f689506db4060e139317daf4cadf945fd57d03944bb29dc7.jpg,2,5,5,3,5,1,5,5,5,5,5,2,5,5,5,5,5,5,5,5,5,5,3,2,5
116291,9026936934ed772015c3444b6abceaea7cadcbfa22cecfdb5a4c819c.jpg,7,7,7,5,6,2,7,7,5,7,7,1,2,5,2,7,5,2,3,7,7,7,7,7,3
338447,95c3b6bb58b3d85d0183afcbed3c9f9c37ec3bb69e8ae4a335854eb1.jpg,2,6,7,5,5,7,2,5,6,6,5,2,7,2,5,2,5,5,6,0,7,7,5,2,7
408332,97551727a2b24fa6102d46033077d3f8826944f2c57b10ce21c35444.jpg,3,2,3,3,2,2,2,3,2,5,7,2,2,7,2,7,5,4,4,2,3,3,6,3,3
242864,97f42e3ed7155a447a7ff66bc560397f3fd09cedad56b71f4e3be9a7.jpg,3,1,2,4,3,1,2,4,1,5,1,2,2,4,1,4,3,3,2,3,2,2,5,2,1
258118,995d4f3ac15a7e3c2bbb6f05cc22573087eab39afff3c03ebd04f4bf.jpg,2,2,5,3,2,2,2,2,2,6,3,2,2,2,2,2,2,2,3,2,2,2,2,2,2
61803,9a0e121db4e0bae4dc976eadd88216a53726111ddd480ca7f1158484.jpg,1,7,1,5,0,1,2,1,2,6,2,1,1,3,2,1,2,1,0,6,0,2,5,2,1
377640,9c3f0c76aa184b0de2be8f8253e07f32265b547e67c61a9f9740b0d1.jpg,2,2,2,2,2,2,2,2,2,0,2,2,2,2,2,2,2,2,2,2,2,2,2,2,2
87044,9d7e21d117025106bf1565b8dedcad7523932fb73a188ed05a5e39f0.jpg,2,2,2,3,2,2,2,2,2,2,3,2,2,2,2,3,2,2,3,2,2,2,7,2,2
34891,a021c94cba26fdd32825a705cc17b0f4e4cc01803cd8c3144101f751.jpg,2,5,5,2,2,2,2,2,2,6,2,2,2,2,2,2,2,2,2,2,2,2,2,2,2
8950,a0fb3008a99e8b2e68331ac3998a9f9704bfcc5ea24c960d49d4dda1.jpg,2,1,3,3,1,1,3,1,1,1,3,1,1,4,1,1,1,1,5,3,1,1,4,1,3
402042,a30b4b926df68f81025892eaf9b2572f6a128ce1e2872b0c3a365131.jpg,2,2,3,2,7,3,3,2,2,3,3,3,4,2,2,3,2,2,4,2,2,2,2,3,3
405742,a7bb13c9b3fa60dc552cfd23857f056fd155fae849c54840a0e1a5c0.jpg,3,1,4,1,7,1,7,5,1,7,1,1,2,4,4,0,5,3,3,1,5,7,7,1,1
273382,a8a8e3830b42340ea9b4d374aeb6217060ec6c9ec40f750191730d35.jpg,2,2,1,2,1,1,2,2,2,2,2,1,2,2,2,2,2,2,3,2,2,2,1,1,2
104047,a9ee20041e2a71b132140730a5320909b711f746fbf83d0872d6b284.jpg,2,1,2,2,2,1,2,2,1,2,2,2,2,2,2,3,3,3,3,1,2,2,2,3,2
315715,acc256a64186daedc27f43bb374bed08b542a2cbd95a18d6b560ae33.jpg,2,2,2,2,2,2,2,2,2,2,2,2,2,2,3,2,3,3,2,2,2,2,7,2,2
69343,b592b4502f3f86de7cd7c38f58748ae10325d90099ddeb7b5ebfa5ff.jpg,2,3,3,3,2,2,5,3,3,2,3,3,3,3,3,3,3,2,3,2,2,2,3,2,2
79139,b5b5c79981327a22c2b812561bf16ed2363a6a022072d907b98f5807.jpg,3,2,2,5,5,5,3,5,5,2,3,2,5,3,5,5,3,3,2,3,2,2,2,3,5
377671,b7e0843858e6c99a67b68f69c56c336fb877e19017f40676b85bef3d.jpg,2,2,2,2,2,2,2,2,2,5,2,2,4,4,2,2,2,2,2,2,2,3,2,2,2
24514,bd6d54569cf15ae9762c60169e0500dbcbf96b46dc94ab317230866e.jpg,2,3,2,3,2,3,3,3,2,3,3,2,2,3,2,2,3,2,3,3,3,3,2,3,3
349775,c4d26b8bf9c253b4ee86b386d093563c0f3118d3573b499237ebf00e.jpg,5,5,5,5,5,5,5,5,5,5,5,5,4,5,5,5,5,5,4,5,5,5,5,5,5
211258,c54c0e821b4305f9d2c9ec9530db2a7c46b363099391897c74eee4ad.jpg,4,2,2,5,2,1,2,4,3,4,4,3,3,3,2,3,3,3,1,4,3,2,2,5,4
205265,cd4c7d1f466ff1c963f5a1f88f6500d4e81692a671c2187474cfe37d.jpg,2,2,1,3,1,1,1,2,1,5,1,1,3,3,2,3,2,3,3,1,1,1,3,3,1
342094,cd68b13b6f2f18216b31493751045fa5bf43e072a5c6986e51f85a0f.jpg,2,1,2,4,3,2,2,2,1,2,2,3,2,2,2,1,1,2,2,3,2,2,2,2,2
210787,d2206fb45cb3f8a72965858f91ad266632335e1b68ef5188fea1570e.jpeg,2,3,7,3,3,3,3,3,2,5,3,2,7,3,7,3,5,3,2,3,5,3,3,2,2
332836,d7eaa3b52165b57f12d85cf5bc429f2b4965335edb3c18f74dcb1b69.jpg,5,4,5,4,1,2,2,2,2,5,2,5,5,5,5,2,5,3,3,2,2,5,3,2,3
12568,d888a945fba6311e55b3c88fbf2e926e11d854ec925a580806e94619.jpg,2,2,2,2,2,2,2,2,2,2,2,2,2,2,2,2,2,2,2,2,2,2,2,2,2
222739,d8934c21d0142d24d51decc561ed4f62fa2e70b159eb9c6448de1036.jpg,1,1,1,1,1,1,2,1,1,3,1,1,3,1,1,1,1,3,3,3,3,1,3,1,1
360673,daddcf553c924fa108b6cf17681583b909b942b479201f2c208b7085.jpg,3,3,3,1,3,1,3,1,5,3,1,3,3,3,1,1,3,2,3,3,5,1,3,2,1
166580,e49de6b6524e94b70d4ad31b8a38343411f5b85c990700ffa2ad48ba.jpg,6,7,2,5,0,2,7,7,2,7,7,2,2,2,2,2,2,3,5,7,7,7,7,5,7
227092,e772a1009db24f1a9b12b47457e4f6b3cf1f0abeeeb58fa5e7b26b03.jpg,2,2,2,3,2,2,3,2,2,3,3,2,3,2,3,2,2,3,3,3,2,2,2,3,2
300809,e802135b0295218903a44900b2830e51141327a45e22aad47c326598.jpeg,1,6,3,6,4,1,0,7,4,0,1,1,7,1,1,0,0,4,2,6,1,1,3,0,5
379704,ec7e7b43b00f6517692ff8824e5251ca454d62dcfbf5e34d6e106503.jpg,2,5,2,5,2,2,2,5,2,6,2,2,2,2,2,2,2,2,2,2,2,2,2,2,2
64577,efc81db71f1b471670762226926e85f822095bde24340679bf38c62e.jpg,2,2,2,2,2,2,2,2,2,2,2,2,2,2,2,2,2,2,3,2,2,2,2,2,2
136151,f0735b6f4ea5c19cb43fa3397a97ba01111e55d684cb7fab21474665.jpg,2,7,2,2,2,2,2,2,2,7,3,2,2,1,1,7,2,2,2,2,3,2,3,7,2
41853,f18c8c59032c1e50b07bcfa679082320fc754e9c21cd60429711669b.JPG,2,2,2,2,2,2,2,7,2,2,7,2,2,2,2,2,2,2,6,2,2,2,2,2,2
59361,f55a5e7498ae2ce9a9e944e70debce95cd053fc03bd9a7529a9124ec.jpg,2,5,2,3,2,2,3,2,2,5,2,2,2,3,3,2,2,2,3,4,2,2,2,5,4
54711,f6609a5408900e73228c3cbf3114c87f7af2d8bdd2732aa2089ac065.jpg,2,7,3,1,2,2,3,2,2,5,2,1,2,2,2,3,2,2,2,3,3,2,2,3,2
65851,f83613ea83cd0db8d9d36a1fdd86c404c0b3e6ee8ef2ae23d088ec7f.jpg,2,2,2,2,2,2,2,7,2,2,2,0,2,2,2,2,2,2,2,2,2,2,7,2,3
14358,f8c8b761a15631dca36d6a9cd6800a8109145aa786008ca09b63f5cf.jpg,2,2,2,5,3,2,3,4,5,3,3,2,3,3,5,3,2,3,5,2,2,2,3,2,2
197997,030fcc86f5acf917271a5964e2141ca880ce5a9bed9a888bba92274f.jpg,1,0,0,0,0,1,0,1,0,7,0,1,0,1,0,0,0,0,4,0,0,0,1,0,7
265455,061de0cc365e45cd9a614ad7e5ea34d1c4d54a4b7891cc45140fdcca.jpg,0,7,7,7,0,0,7,0,0,7,7,0,7,6,0,7,7,7,7,0,7,7,7,7,7
291133,07a60ca1ed9f588304f4f542e7f9d73cab283a5941b8336daf9a1b82.jpg,0,0,0,0,0,0,0,0,0,0,0,0,0,0,0,0,0,0,0,0,0,0,0,0,0
179755,0c62ea6d220a4c9e6e0fab8114c0f8f5863756def146e964dbc5c322.jpeg,0,0,0,0,0,0,0,0,0,0,0,0,7,0,0,7,0,0,0,0,0,0,7,0,0
171040,0dfea1ec87ca43f8d5cf1b3c171a8eaada6c45dd0be9254923d7984a.jpg,0,0,0,6,0,0,0,0,0,0,0,0,0,0,0,0,0,0,0,0,0,0,1,0,6
40404,109d0835069dc9a92c677c59bf57784806b38eae6c2d97964a6fa26d.jpg,5,0,4,6,0,0,4,5,0,0,1,5,0,0,4,4,4,4,0,4,5,0,0,5,0
48967,145f51c3a7a768c64dbc67a5fa122cd6f08e1513ec8646eb2dd25d62.jpg,0,0,0,0,0,0,0,0,0,0,0,1,0,6,0,0,0,0,0,0,6,0,0,0,0
183107,17e886f62738a9d13f7893142838c13e3ddd6a2fef5e4d72f1c57922.jpg,6,0,7,6,0,0,7,0,0,7,0,0,7,6,0,7,7,7,0,0,7,0,7,7,7
251158,17f07f24588fcd18042c7cf86be593c84f766abac33ba399dff9f684.jpg,0,0,0,0,0,0,0,0,0,0,0,0,0,0,0,0,0,0,0,0,0,0,0,0,0
59448,1974143df19b3ae4c35420d0f31a54e9a259bee77973db7c95646455.jpg,6,7,5,0,1,6,0,0,6,7,6,0,7,6,0,7,6,6,0,6,7,7,7,7,6
355514,1b61ab1934b7bb0000d7f248cdfe32a44ca4558193903d21c12aca72.jpg,0,0,0,0,0,0,0,0,0,0,0,0,7,0,0,0,0,0,0,0,0,0,7,0,0
266050,1db7eda97aaa27a591102e489e0875032dd1153fa2f6c093c71c198e.jpg,7,4,7,4,0,6,2,7,2,7,0,7,2,4,0,1,3,4,6,5,4,4,3,7,6
127457,231267496f45bc332413a5baaeff4b740bd04c12a17b8ff44b0458d6.jpg,0,0,0,0,0,0,0,0,6,0,0,0,0,0,0,0,0,0,0,0,0,0,0,0,0
309146,2591560ffa03f718ab3f561a024f1b26b93f3e95584e6a74610ee0e7.jpg,0,0,0,0,0,0,0,0,0,0,0,0,0,0,0,0,0,0,0,0,0,0,7,0,0
381950,2912d1e3b2b5f379e65355e7709c72e581b9b55923560fbf90b234c7.jpg,0,0,0,6,0,7,6,0,0,7,0,0,7,0,0,0,0,6,0,0,7,0,7,7,0
328761,32026d8e394ce71ae05d8c52ac50859eb958c3f879c69cfdd20423da.jpg,0,0,0,0,0,0,0,0,0,0,0,0,0,0,0,0,0,0,0,0,0,0,0,0,0
257378,331f5c6165b4dda90aebd3bec38dc07f0ddf8ce1a26e36eff6c9b31f.jpg,0,0,0,0,0,0,0,0,0,0,0,0,0,0,0,0,0,0,0,0,0,0,0,0,7
363255,333aca6c1e94c174332072009086f50ff83b7894cc8d0dd6f912fb94.jpg,0,0,0,0,0,0,0,0,0,7,0,0,7,6,0,7,0,6,0,0,0,7,0,7,7
144948,33a4af681d50afecb3840225e95472c4385a86400354bfbf20af12cc.jpg,0,7,0,0,0,0,0,0,0,7,0,0,7,6,0,7,7,0,0,0,0,0,7,7,7
44976,3492f8aeddd1598aaffd88dfb08974d9956d852b175458416d1dcffe.jpg,0,0,0,0,0,0,0,0,0,0,0,0,0,0,0,7,0,0,0,0,0,0,0,0,0
37013,3800c47ebc6c964d658a045a900a63c709a1e9a4c1ac1c6cf45794da.jpg,0,0,0,0,0,0,0,0,0,7,0,0,0,0,0,0,0,0,0,0,0,0,0,0,0
235002,38a62b314f1285165eb06064b4a60ace49ace9c422d8759e730daa98.jpg,0,0,0,7,0,0,0,0,0,7,0,0,7,0,0,2,0,0,0,0,7,0,7,7,0
90209,3b1808817af6c38d986667fde6b78da0f125e404044dd41883b34261.jpeg,0,0,0,0,0,0,0,0,0,0,0,0,0,0,0,0,0,0,0,0,0,0,0,0,0
406765,3c00ccff3f7c211ffe72028bee0cb92b3c47336e40a95d4844350ed2.jpg,6,6,5,0,6,7,7,7,0,7,7,4,7,7,7,7,7,7,7,7,7,7,7,7,7
4489,3c11e48c8f58285244e655bdd04496fb7b8fe82d860203baec60224a.jpg,0,0,0,0,0,0,0,0,0,7,0,0,7,0,0,7,0,6,0,0,0,0,0,0,7
190933,3c821475a8efa629a7569d8ba14bb08562b45d1ff5c56c87914ea94d.jpg,7,7,1,0,7,7,0,7,7,7,0,0,7,7,0,1,7,6,6,0,7,0,3,7,7
185349,3d1c507e01538432ec130fa363fa51cf07c02af9130217c98da2deaa.jpg,6,7,7,6,6,7,0,0,0,7,7,0,7,6,0,7,7,6,6,6,7,6,7,7,7
275201,44d681fb0c4c38df0aed047cd6a678fba74765b6c8e9a266f89113d7.jpg,1,0,0,0,0,0,0,0,0,0,0,1,7,0,0,0,0,0,0,0,0,0,0,0,0
28557,48dc0cfe11095eb4236709fc0d5f815abbd6f8af8ddb7806ecead18c.jpg,7,0,0,0,0,0,6,0,0,7,0,0,0,6,0,7,0,0,0,0,7,0,7,0,7
4916,4f5ff8eb45a3e045a677766dac0be45e68a390f0d442c52da99082bd.jpg,0,0,0,0,0,0,0,0,0,0,0,0,0,0,0,0,0,0,0,0,0,0,0,0,0
180223,4f8527edf7bb0df911c00ab034757c8a28f91ec354c19634731af5c4.JPG,0,7,0,6,0,0,0,0,0,7,0,0,7,7,0,7,0,6,0,0,7,0,7,7,0
45928,5308c66cc380ded300224e00b51bf61407b1beed8f4f1fc7b904e868.jpg,7,7,7,7,0,0,0,0,0,7,0,0,7,7,7,7,7,6,7,0,7,7,7,7,7
30761,55178cabf80cb65e3f9036ba627bc4a6bd0109d9c2c15636a71c8411.jpg,0,0,0,2,2,0,2,0,0,0,0,2,0,0,0,0,0,0,0,0,0,0,2,0,2
128327,5541fe655a4a540ebcbd63f7fa76cf4f48087226ee643c05c5f9ad08.jpg,6,7,7,4,0,7,7,0,6,7,7,0,7,6,7,7,7,6,7,6,6,7,7,7,7
173611,56a86c316edcf6bc0f6790510e2038fdc22f78a5d0925aa8e3082119.jpg,7,1,2,2,0,6,6,0,0,7,0,6,0,6,0,0,0,6,0,6,6,2,1,7,6
125500,57c6ca58c0e71ed13e1e58cc61c72261def7016edc4795cc81e12e57.jpg,0,0,0,0,0,0,0,0,0,0,0,0,0,0,0,0,0,0,0,0,0,0,0,0,0
218545,598415af0a17d1d70758b55446baff822866f207a956e5cab5c9625f.png,6,6,2,7,6,6,6,2,6,7,7,0,7,6,6,7,7,6,6,2,6,6,4,7,6
197893,5b36d11c03e66837acce2096f2d075208faa05a8b4eb7e4bba2c518b.jpg,6,0,0,6,0,0,0,0,0,0,0,0,0,6,0,0,0,0,0,0,0,0,0,0,0
230932,5c9e74a5bfdb59a4f9e7bbe75c4c91a9a67ec1d3d1214e531103e984.png,0,0,0,6,0,0,0,0,0,7,0,0,7,6,0,7,0,0,0,0,7,0,0,7,0
287624,5e03aa22f35d0ef3476c986229c1805fe3abd5847c304aebf775ae94.JPG,0,7,0,7,0,7,0,0,0,7,7,0,7,6,7,0,0,7,6,0,7,7,7,7,0
166021,5fd2256bf8e0741ba0f0c8472bdb4e35a7271eaf56cea09d108346c0.jpg,7,0,1,6,0,0,0,0,0,7,7,1,7,0,0,7,7,6,0,0,7,0,1,7,7
157159,61d2e05dad18a0818dc211171b7ebd767762beaf778bc5981ad6a71f.jpg,7,7,7,0,0,0,7,0,0,7,7,0,7,6,0,7,7,6,7,7,0,7,0,7,7
158321,6375df9203762443e4cea19d49ffb0f742fe3b59b62a3b5120171857.png,0,0,0,2,0,0,0,2,0,0,5,2,0,0,0,0,0,2,0,2,0,0,5,0,0
292827,63b80d4f0d80ee09d8e119b63837193ebcfa5dd47bb51483a0a2ed3e.jpg,0,7,7,0,0,0,0,0,0,7,0,0,7,6,0,5,7,0,7,0,7,0,0,7,7
374758,698fbc920dd5999a4a1ce7acff88747204052a5e5f3dd218a3881f5a.jpg,0,0,0,0,0,0,7,0,0,0,0,0,0,0,0,0,0,0,0,0,0,0,0,0,0
246909,6e5688aa2127e83be6108f52c9fb30b8c5ea8f67f1c43d7b591ad883.png,0,0,0,0,0,0,0,0,0,0,0,0,0,0,0,0,0,0,0,0,7,0,7,0,1
7194,749a37882f0b5d71514226fd636c42f03ded38910983db8aded4211d.jpg,0,0,0,0,0,0,0,0,0,0,0,0,0,0,0,7,0,0,0,0,0,0,0,0,0
394362,7545fd4a2e04c945b6cb85222a5f8af9dc982fdaff984d8b29c48eda.jpg,0,3,0,5,5,0,0,5,0,0,5,5,5,0,5,5,5,5,2,0,5,0,5,5,5
8635,790c02bdb3c0f1b6870253b0c6162faf4bd3704e79325726c80e9d99.jpg,0,0,0,0,0,0,0,2,0,0,0,0,0,0,0,0,0,0,0,0,0,0,0,0,0
164500,7a18de41505a20ea4b2c7288f05d1014095dc76c77be55594be50b43.jpg,0,0,0,0,0,0,0,0,0,0,0,0,0,0,0,0,0,0,0,0,0,0,0,0,0
196346,7fc25788650744f0ae6ed28c86a9bdb12ac98e6fb9d2f2388a4f59ff.jpg,6,7,0,4,0,7,7,0,0,7,0,0,7,6,0,7,0,6,0,6,6,0,7,7,6
115101,82bdb331ae17335506f8d202e83037b993f4663ebf581790b24e8267.jpg,0,0,6,0,0,0,0,0,0,0,0,6,0,1,0,1,1,5,0,4,6,0,3,0,3
22220,889fa07f976325a8c8b22d2c6ddf68e13156309961eae8d568a7a093.jpg,0,0,0,0,0,0,0,0,0,0,0,0,0,0,0,0,0,0,0,0,0,0,0,0,0
150433,8a4c2d91581d713aa3d62654b6345c4697fc2d1b11264fbeb838157a.jpg,0,0,0,0,0,0,0,0,0,7,0,0,7,6,0,0,0,0,0,0,7,0,1,0,0
393249,8e1617d96e09143dbb17575043522af2aef87421fc027271c48e0e36.jpg,1,1,1,1,1,1,2,1,1,1,1,1,3,4,1,1,1,2,0,1,1,1,3,1,1
73460,92702f6e6966b3f524c48d69b80621f0ab583079a99f483bd174d7ff.jpg,0,0,0,0,0,0,0,0,0,0,0,0,0,0,0,0,0,0,0,0,0,0,0,0,0
322279,93ddcb04cdf5633113d8033f20b55f42248281a4252a61b2cada8d50.jpg,0,6,6,0,6,6,7,0,0,7,6,6,7,6,6,0,0,7,0,0,7,0,4,7,6
116593,949ec6f1969e2055d953b04ab3111c84dced4f8505c8676555b25d8c.jpg,0,0,0,0,0,0,0,0,0,0,0,0,0,0,0,7,0,0,0,0,0,0,7,0,0
14338,954ced91f1efdee6c4f49ccfe33dd62da7014dfc86c8ccf2477dfcc1.jpg,0,0,0,0,0,0,0,0,0,0,0,0,0,0,0,0,0,0,0,0,0,0,3,0,0
188371,99e3eaaddacff0c547e457dc94266addb44f73c8491e2c3cfe66803f.jpg,6,0,0,6,0,7,6,0,0,7,0,0,7,6,0,7,0,6,0,0,7,6,0,7,0
208297,a0852e064806b4679238079f477a063b3d9b22390359b4b55a8903c2.jpg,0,0,0,0,0,0,0,0,0,0,0,0,0,0,0,0,0,0,0,0,0,0,0,0,0
384980,a0f20b6174da0a598b9e6c788fc69d61f9e7696bda0c47fad69daeef.jpg,7,0,0,4,0,0,7,0,0,7,0,0,7,6,0,7,0,6,0,0,7,0,0,0,0
213819,a1d16ef73bbd0801bcfb5d7c70c93c9191398c8ca6e863d8b4950e79.jpg,0,0,0,0,0,0,0,0,0,0,0,0,0,6,0,0,0,0,0,0,0,0,0,0,0
357539,a1e5535094bc291ee4c099765b096e59b3d270387049d176542a764d.jpg,0,0,0,0,0,0,0,0,0,0,0,0,0,0,0,0,0,0,0,0,0,0,0,0,0
49892,a25a253d68eb8a7101c58c8868c5223ad93de80aa3adf2971ad1869e.jpg,0,0,0,0,0,0,0,0,0,0,0,0,0,0,0,0,0,0,0,0,0,0,0,0,0
218199,a37cc32a3206c259ddd3692ad022fa9d58a507ef49787a00aa43bea8.jpg,0,0,0,0,0,0,0,0,0,0,0,0,0,0,0,0,0,0,0,0,0,0,7,0,0
104334,a6e4d9aae0ff2ffd7036d3f000558ae10c0605b1223cb002bd220fa8.jpg,0,0,7,0,0,0,0,0,0,7,0,0,7,0,0,0,0,0,0,0,6,0,7,0,7
392377,a8aa45df79ccc747e9064aa55e18dad422398b8723bc4fbd0f164052.jpg,2,0,0,2,2,0,2,2,0,2,0,2,0,2,0,0,2,0,0,0,0,2,0,0,0
285487,a92444c32548bf43d638da6f3de5486eb14c589577379478215af5a6.jpg,0,0,0,6,0,0,0,0,0,7,0,0,7,0,0,0,0,0,0,0,6,6,0,0,0
338570,a9dcefe2cfc011d64ea3a86b0b70480fa85354665c09826a4d154901.jpg,0,0,0,0,0,0,0,0,0,0,0,0,0,0,0,0,0,0,0,0,0,0,0,0,0
358161,aaae56abf185d34d80a1ec53731abdf7c1926c50fe59f73f5280fe42.jpg,3,7,1,0,7,7,0,7,7,7,7,7,7,6,1,7,7,7,4,0,7,2,6,7,7
74616,afd4948c247c8b4c7595a773a2d5dce55826918d57acf892472f2700.jpg,0,0,0,7,0,0,0,0,0,7,0,0,7,0,0,0,0,0,0,0,7,0,0,0,0
272779,b2a6ace37d39639070f30104403691703d512ff39d2f243a657d1459.jpg,7,7,0,7,5,7,6,0,0,7,5,2,2,6,0,7,5,6,0,5,7,2,7,7,7
177031,b59f53e117ace90956196e44dca930c884d1f276fa888fdc38e9a071.jpg,0,0,0,0,0,0,0,0,0,0,0,0,0,0,0,0,0,0,0,0,0,0,0,0,0
151332,b5a43746df8fae72a82366664a14eee48cf0cbad7f0f1737dd8b2c7d.JPG,2,0,7,0,0,0,0,0,0,0,7,0,7,6,0,0,7,6,7,0,7,7,7,0,7
376023,b9c6611496ededa74208f7f3d6ea635fa0f8c8277978b119dc6ff323.png,0,0,0,7,0,0,0,0,0,7,0,0,7,7,0,0,0,6,0,0,6,0,7,7,7
147951,ba163aa9b7e5ec5db514e30e398f0b55e0b2c1a5d0163a60e0168086.jpg,0,0,0,0,0,0,0,0,0,0,0,0,7,6,0,0,0,0,0,0,7,0,7,0,0
304428,bcedc03fc0e59dccf354837c2534d1a13932d4fb15ff6c6f9b9c35c6.jpg,0,0,0,0,0,0,0,0,0,7,0,0,0,0,0,0,0,0,0,0,0,0,7,0,0
137083,c0bfd2da949d6fc286644e36ab37f5372c9c9fee21d6af1494fffc4b.jpg,0,0,0,7,0,0,0,0,0,7,0,0,7,0,0,0,0,6,0,0,0,0,7,0,7
319812,c3520400f8a48d9577d7e0f8246fb85e75bf5355e8088cdbf08e538c.jpg,2,0,6,0,0,0,0,0,2,7,6,0,7,6,0,0,6,6,0,6,6,2,7,0,7
120483,c9a4e2556146280dc213262d2d328733a12612c1d71b7b81b48c65d4.jpg,0,0,0,0,0,0,0,0,0,0,0,0,0,0,0,0,0,0,0,0,0,0,0,0,0
402748,ca5a7d9502b6c94faf605fe3256c761a756bddb5c080600806519399.jpg,0,0,0,0,0,0,0,0,0,0,0,0,0,0,0,0,0,0,0,0,0,0,0,0,6
229342,cc9fdca263b233d253c63dadc548e1211b5b84d79a9c1db5f4ffcd66.jpg,7,7,7,7,7,7,7,7,7,7,7,0,5,5,7,7,7,7,3,0,7,7,7,7,7
167354,ce913cdb4ef307bc9eb4d3d50619b3e8bf4804793afccfd3f97bfb1c.JPG,0,5,0,5,7,0,4,5,5,0,5,5,0,0,1,4,4,5,0,4,4,4,4,0,5
2222,cf74aaae26642e58e99450b344a153c7dc8536df5d4aa3068f0e9d0a.jpg,0,0,0,0,0,0,0,0,0,0,0,0,0,0,0,0,0,0,0,0,0,0,0,0,0
225479,d3b70b578a2c44229028a27102033990694eb22d9d2a9ac6b809876f.jpg,7,7,7,0,0,0,0,0,0,7,0,0,7,6,0,7,7,7,0,0,7,0,7,0,7
53900,d3b8d03fda52fd1f609b692ca01c3337684b45cc80fd1cc872ceecc7.jpg,0,0,0,6,0,0,6,0,0,0,0,0,7,6,0,7,0,6,0,6,6,0,6,0,6
285064,db64dec007820f60cc8c1a507388e8017b30bbf1660a198edc3ac173.jpg,0,0,0,7,0,0,0,0,0,7,0,0,7,6,0,0,7,6,0,0,7,0,7,0,6
325726,e26128d07584873398f03c26f1516f61e349f2ea97522b4211e24887.jpg,0,7,0,5,0,0,0,0,0,7,0,0,7,6,0,7,0,6,6,0,7,0,0,0,0
238526,e393fede163bd3d0855019c233dcaada88c84c6472114283a93bcabb.jpg,0,0,7,0,0,0,4,0,0,7,0,0,7,6,0,0,0,6,0,6,0,0,4,0,7
117326,eabec59f782baf16faafebda10f0a5df8a115eb2cbd98d7a87141453.jpg,1,0,0,7,5,0,0,1,0,1,5,1,0,0,1,0,1,7,0,5,6,0,0,5,4
194804,ef02837dcf68f0b4000d6a1b34e2928abd3b4166ab419b762c82d660.jpg,0,0,0,0,0,0,0,0,0,7,0,0,0,0,0,0,0,0,0,0,0,0,2,0,0
192897,f0af3154a734ed12dacde0d51f77117ace6aa4cb6e89f03bda85a763.jpg,0,0,0,0,0,0,0,0,0,0,0,0,0,0,0,0,0,0,0,0,7,0,0,0,0
207605,f17696e2f7b60b1ef687f395f2fc07271a6da87e2084d1d41b9d2311.jpg,0,0,0,6,0,0,0,0,0,7,0,0,7,0,0,0,0,0,0,0,0,0,0,0,0
298738,f380940426c95c7b55884fba1c2db7119f2c4e29c9e74d7ccded89d8.jpg,0,2,0,2,0,2,2,0,2,0,0,0,2,6,2,0,2,0,2,2,0,2,7,0,0
71083,f7625d0bc97be2e307757e778247d73247742405ee3652e1567ae82a.jpg,2,2,2,2,0,2,2,5,2,0,5,2,0,0,2,2,2,5,2,5,5,1,5,2,2
381958,f78b25b089d7fc20daf1067690a0c1023d70ced7aab2c1f608be9cb1.jpg,6,0,7,0,0,7,7,6,6,7,7,0,6,6,0,7,1,6,7,6,7,0,7,7,7
285063,fb1ee02fcdf2b6c50b0d53af0887f8682b1fc2e4bdb9e832618c070f.JPG,2,2,0,5,0,1,4,5,0,0,0,5,0,0,0,0,0,5,2,3,5,0,5,0,1
104721,fbc469f39a5d76681199688a330a3050d8e0ba0915d5be146d456f60.jpg,0,0,0,7,0,0,0,0,0,0,0,0,0,0,0,0,0,0,0,0,0,0,0,0,0
350587,fd87b8ea6497189b5c07e2992643c8d855a4d4065baca76134b72ed1.jpg,0,0,2,2,0,0,0,0,0,7,0,0,2,7,2,2,0,0,0,0,7,2,0,0,0
197655,00754e9dbc076a4f3a516f934cd4b264018ed72bcef24dd8f419f96c.JPG,7,7,7,7,1,7,7,7,7,7,7,7,7,7,7,7,7,7,6,7,7,7,7,7,7
91391,02ebb51e168cd111a19d3af29f5ae1c1218ff91fcc5372d59d0a5f88.jpg,5,6,7,6,1,1,6,7,6,7,7,1,7,7,6,5,4,7,6,5,7,5,3,7,7
255719,03edaa126534da0c7d4211b82463d7d252fc9ec39c2c99d8cf8b60e3.jpg,5,1,7,5,1,4,7,6,5,7,1,7,7,7,7,7,7,7,5,7,7,7,7,1,7
87909,065a4a8fc1941a3528e0fc64243a2e543b334ad98d8d8b34759a3d84.jpg,7,7,7,4,2,7,2,7,7,7,7,2,7,7,7,7,2,1,3,1,7,7,7,7,6
19122,0738c924a09c0893bfc8c52eadbcc13e8524dc26f42baec43c71ce05.jpg,1,1,1,1,1,1,4,1,1,1,1,1,7,4,6,1,1,1,4,3,1,3,1,1,1
235343,076aa83aef2236c27c95751476ddbbdc4501039a020be314a20cf1f2.jpg,5,7,5,1,0,5,0,7,5,7,7,7,5,7,6,7,5,5,6,0,7,5,3,5,7
163420,07945acef45d84d32cdd95707b3bd75fbd446e99ec97a2ba6f16bcfb.jpg,5,7,7,4,7,7,7,7,7,7,7,7,7,7,7,7,7,7,6,7,7,7,7,7,7
237787,0cd4e83bd478ee1040416e318aebcbf28c856616a01b139589d07877.jpg,1,1,7,1,1,1,6,7,2,1,1,1,1,7,7,1,7,7,6,4,1,7,1,7,7
407597,0f45ecb0eccdca0ff0d917c6454a1dbb3b02f8afa1815435f18aff9b.jpg,7,7,1,6,7,7,2,7,6,7,1,7,7,7,7,7,7,7,6,7,7,7,1,7,7
159169,1048ded75b4f7d5af4a8581c3939001cefbc934ff32134d00df2df33.jpeg,7,7,7,7,7,0,7,0,0,7,7,0,2,7,1,7,5,6,6,0,7,7,7,7,7
121180,136951ef8029574d255bafb97afb6ed037d8170afb456d1e48bdfc71.jpg,7,7,7,7,7,7,7,7,7,7,7,0,7,7,7,7,7,7,7,0,7,7,3,7,7
107107,159c22cdcb67d7f213e4b4bdfc6c90c80ed1d5cb35cae654f2a38446.jpg,7,7,7,5,5,5,5,5,5,7,7,5,7,7,5,7,7,5,6,7,7,7,5,5,7
374248,197b8dd3deaca6270853f90fb5f49584767994061b1b52b67a3d1b77.jpg,0,0,7,0,0,7,7,0,0,0,0,0,7,0,0,7,0,6,0,0,7,0,0,0,7
135318,1a50636e3bcb701d15c952addbf580422b9e663c8a33c1fe33e43db2.jpg,7,7,7,5,1,5,6,7,5,1,1,1,5,7,7,1,5,7,6,5,4,7,7,7,5
50120,1bcde7a8158cddb9e5e77e111ef4c22e9706dd9ed2abce71d09df8d9.JPG,7,7,7,5,1,7,7,7,4,7,7,5,7,4,7,1,7,7,6,1,7,7,7,1,7
106075,1c5afc12a685a992fe0b651f4a36ea0b505607bd4c27b1fb297dbe3e.jpg,7,7,7,4,7,1,1,1,1,7,0,5,7,6,7,7,1,6,7,7,7,7,1,6,7
322556,1ca1fd221bd2ed97309bf3ee678b29597448e3957650e048e2a56185.jpg,2,1,7,1,1,1,0,0,1,7,1,3,0,0,1,0,1,1,6,6,6,7,7,7,1
148981,22a4eb92f8840ba70929f7d4d3045a70ef25f54e2e6fab02dee95232.jpg,1,6,3,1,1,1,7,7,7,7,1,7,7,6,1,7,1,7,7,1,7,7,7,7,7
311176,22ebbe53c07dff9d2b3d876fe85a88d54c9230806d33d7a2727ee7c2.jpg,2,7,7,4,7,7,2,7,7,7,7,7,7,7,7,7,7,7,3,7,7,7,7,7,7
95862,235c11e89ec05abca2aa1f49604e47f30ab7808603696b76e70ec9e0.JPG,7,7,2,2,7,3,2,7,7,7,2,2,7,2,7,7,2,7,3,2,2,2,7,7,7
250853,262bec134733695be5fafdc94c8f8c1e19d02d0bcfe08cdee0ca1911.jpg,7,7,7,0,0,7,7,0,0,7,0,7,7,6,0,7,0,0,7,0,7,7,7,7,7
329667,2a6e1376d3a1b147672b2e09efdd4c38251aa1e77c30f389b938ac61.jpg,4,0,5,0,7,7,3,7,2,7,5,5,7,6,6,7,7,7,0,6,7,7,7,7,6
142180,2e112c2db8db68936333b36102af22301158fd9e7357500532a9212a.JPG,1,7,2,5,7,1,2,2,2,7,7,7,2,5,2,7,1,1,0,2,7,7,7,1,7
9742,2e14376c1d94c942494ff49e184547c1d46be4ace8683324b461edf7.jpg,7,7,7,7,7,1,7,7,7,7,7,5,7,7,7,7,1,7,6,7,7,7,7,7,7
286044,2f118680279e3a9347ce961ff8f36d150c1fd5c402703b4468b4b1cf.jpg,5,6,7,5,5,4,2,7,4,5,2,6,7,7,7,7,1,7,6,5,6,7,2,5,4
39632,31b241d821aa1d2f392b360d22e98158595837c9c32470e91f623e9b.png,6,6,7,6,7,6,0,0,7,7,1,6,7,6,1,1,7,6,6,0,7,7,6,7,7
50104,3436e41f613a5f14a306e62596e362ef726faf5612d347aa465bf596.jpg,7,7,7,7,7,2,2,7,0,7,2,7,7,6,7,2,2,7,7,7,7,2,7,7,7
262596,37c46a16ff4459faea9195ea797e6849a3e227b5511dbda7491035d8.jpg,5,7,1,1,0,1,7,7,2,7,0,7,7,6,1,7,7,1,6,0,7,7,7,7,7
135996,39873d1dfb984ab97e005f7f2de4f70b60bc526306a9f781bb7a277f.jpg,5,6,7,6,4,4,6,7,7,7,7,4,7,7,6,7,7,7,6,7,6,7,7,3,7
265479,39d52ae2f238a9e5f6fea9e2894fa321633cbf2f7553bc8afbca7519.png,7,7,7,1,7,7,7,7,7,7,7,1,7,7,1,7,1,5,6,1,7,7,1,7,7
151958,3aeedcf19b8e7df011a24f1b7e7904c7b0a8562b2188cf4a35d07c9f.jpg,7,7,7,7,7,7,7,7,0,7,7,0,7,7,7,7,0,7,7,7,7,7,3,7,7
306830,3ca269c7989747b960f64d9d3df0c4f2c34cf10b7b7e1a61433c4bdd.jpg,5,6,3,5,7,1,5,7,7,7,7,7,7,7,1,1,7,7,6,3,7,7,3,5,7
298516,3f38fe7f80f49fc64582f9f9fa66b3a56c34be444f3ee87da2d32c53.jpg,5,7,7,5,7,5,5,6,5,7,7,5,7,6,5,7,5,7,6,7,5,7,7,5,5
323159,410f2d506545f15526ffc2273940a7b7d3e52a5629160308234fcfca.jpg,5,6,7,5,0,6,2,0,5,7,6,0,7,6,6,7,7,5,6,7,7,7,7,7,5
177121,43cc6c385484aa9b040864ea33813bcdda081a3f4400ae0bd1ed0fc5.jpg,6,7,7,6,1,7,6,7,7,7,7,7,7,7,1,7,7,7,6,6,7,7,7,7,7
382281,455a9eebb36255d6e1abe7a0d8c27161d001b58c71572fcee12903af.jpg,7,7,7,4,5,6,7,7,7,7,7,5,7,1,6,7,1,1,6,7,7,7,7,7,7
119360,495d6daba67c10b6e5e29d314cb62dc90b58d6ced89af00f5ae15b77.jpg,6,5,7,6,2,6,2,7,7,5,5,4,7,5,5,3,5,7,5,6,5,7,5,5,6
51072,4baf0854ab5cca5f9ac38988f8f3242fe5a9cfed6a02ef5d6c4450f6.jpg,2,6,5,6,2,6,2,7,1,7,7,2,5,7,2,1,2,5,6,6,6,2,7,6,7
55616,4cf85e3d7e2a5942603bd1527e517a86826fdf151cc60739b1bb4c24.jpg,7,1,1,7,7,1,7,0,7,7,1,1,7,1,1,1,1,1,6,1,1,1,1,1,1
225791,4d865d4fbc9f7c5f21e4d5123eb6c1f1c4e1692660039f515a26e8c5.jpg,2,1,7,7,7,1,7,7,1,1,3,1,7,7,7,7,7,7,7,3,7,4,3,1,1
277460,4e2579cea102e1229210a5b6b15a13b1f3d7a03819a617d65fe6cd37.jpg,7,7,7,7,1,7,7,7,7,7,7,7,7,7,7,1,7,7,7,1,7,7,3,7,7
16193,4eeaba2446fff21da88a4afb2ed6180b7c39e1deadf2e9ba8fe1f7b1.jpg,6,7,5,5,6,4,6,5,5,5,6,5,5,5,5,5,5,4,6,5,5,7,5,5,5
124905,4f4289db7092f97ba02613ae15e580c86e35152c55c7d94645287a6b.jpg,7,7,7,5,7,7,7,7,7,7,7,7,7,7,7,7,7,7,6,7,7,7,7,7,7
117636,510188bae4199ee4dbb9673b13c26336c71eb02c704328686b53bab9.jpeg,5,5,7,5,5,5,5,5,5,7,5,5,5,5,5,5,5,5,4,5,5,5,7,5,5
65411,5106aca6ff841eaacb568a253563498294c105fac39b959022a540ee.jpg,2,7,7,2,2,7,2,2,2,7,2,2,7,6,2,2,2,7,4,2,7,2,7,2,7
234584,52c9851b590f5ff9d0a707acab13ce91b43cdb1a0faef81a120723b4.jpg,7,7,7,7,0,7,7,0,7,7,7,0,7,6,0,7,7,7,7,0,7,7,7,7,0
412544,53e3cc5db53302dfa3174cd3835ef24ffb36f12d38dfbda198902d8d.jpg,1,1,1,1,1,1,7,7,7,1,7,1,1,7,1,7,1,5,4,1,7,5,1,1,1
66759,5daa109ff55057dee9571df18c8cec27946a4acd61ebcf46de81d169.jpg,0,7,7,0,0,7,3,7,0,7,7,0,7,6,0,7,7,6,6,0,7,0,7,7,7
303886,5f5d8ab81666d6e031187af9e043f456f2322d04097e34a7996a393a.jpg,6,7,1,5,1,1,7,1,1,7,1,7,1,5,4,1,5,1,6,7,7,5,6,1,5
52801,654e8d01953c4ab80ba5b24a95e60996c33414e26855845f12498e11.jpg,5,7,5,4,4,7,5,7,5,7,5,5,7,6,7,7,5,5,6,0,7,2,7,7,7
338749,6682ed88766cb30893a3d6145683b40670fcacf07949400b36583bb9.jpg,0,0,7,2,2,0,7,5,0,0,0,2,0,6,2,7,7,7,0,0,0,0,7,0,7
370780,68bc5db69bfdeefa6ab9d459f4e9cffde8e092d7b56b04c620b0b770.jpg,7,7,7,6,2,7,4,0,0,7,7,0,6,7,2,7,7,7,7,0,7,7,7,0,7
108333,6a44182c2bc904df48282ef6083412ed810498f3299cfb448eeaad18.jpg,7,7,1,4,7,7,2,4,7,7,7,6,7,6,6,7,7,7,7,5,7,7,1,7,7
352171,6c1e5726036cbf6bbd8bd24446a51c7a096b0cdf69882656475b5df7.jpg,0,7,7,7,0,7,7,0,0,7,0,0,7,6,0,7,7,6,7,0,7,7,7,7,0
205198,6f1b85dd259acb85d158eded3c0b0f21f3279eaa313b749767b28c11.png,7,7,7,7,1,1,2,7,0,7,7,7,7,7,0,7,7,7,3,2,7,7,7,7,7
41365,6f936e7f7fae5b8bbb935b0f847a73b0d90dde6e70657ec18ec15818.jpg,7,7,7,7,0,0,0,7,0,7,7,0,7,6,7,7,7,6,7,0,7,7,7,7,7
376829,7836968b061f1fc42aa07df1eb9bf6c6912e92e52357aab5887d1ccc.jpg,5,7,3,4,2,2,7,2,2,7,7,5,5,2,2,7,2,2,3,2,2,3,7,7,4
201717,80581aa097fb83cb7de0b447aa1f49bd0f8a7942f75702539995d73b.jpg,7,7,7,5,0,7,7,0,2,7,7,0,7,7,7,7,7,7,7,0,7,7,7,7,7
322409,8b16ac6fbc3a47843cebfd0b25f5a5a5635b2497dc66fcc0bd303af9.jpg,7,0,0,7,0,0,0,0,0,7,0,1,7,6,0,7,7,0,0,0,0,0,7,7,7
188006,8d5c9be6c595f6a53912f260ba30cc20fc4fb77d1829b029bdf70316.jpg,1,1,7,5,1,2,3,7,1,1,1,1,4,5,4,3,5,5,3,3,1,2,5,1,1
270667,94109cc5b195c9fd1959bd149513a329198f16968a44c30c76bbcb04.jpg,6,5,3,2,1,1,7,7,1,5,2,1,5,5,2,7,2,5,5,4,7,7,3,1,3
107803,9457b346c7543b50be6889cd3869047312709a8810a4bce9c3a08816.jpg,7,1,6,7,1,1,3,7,1,5,7,1,5,7,1,1,1,5,5,2,5,7,7,5,7
122535,94bcff7fa6328262cdc9d696c80af9f71a9aa2322157b80a535e6870.jpg,3,7,3,6,0,0,7,7,0,7,7,0,7,7,1,7,7,3,6,1,7,7,1,7,7
77062,95466c12c22d483d99fc1f38a03d382571285f77eb1d1e4285c9724a.jpg,5,1,1,0,1,7,6,0,2,6,1,3,0,4,7,1,6,1,4,6,0,0,3,1,7
67246,964750721f150d043783faa816ca309df3cbbe2de1ae91ad41ffb318.png,7,7,7,2,3,2,2,7,2,7,7,2,7,7,7,7,2,7,6,2,7,7,7,7,7
269261,9c36265608d31f5f9a30508dcdc9de645c8bd0b562092f41726d5601.jpg,5,6,7,5,7,7,7,5,7,7,7,5,3,7,5,1,5,7,6,7,7,5,7,5,5
331067,9fb7e2641649920bff6d17e07f079a0d8f39df939d8f364be3a434aa.jpg,0,7,7,1,1,7,0,7,1,7,7,7,7,1,1,7,1,7,4,7,7,7,7,0,7
318975,a02d48bb91c0b8b5638581234b22b94818988155684e3bd0bc5fdcf2.jpg,6,7,7,5,6,1,6,7,5,7,1,1,1,4,4,5,5,7,6,1,5,7,4,5,4
154577,a6457c1bd3bf9d87b86b75664a62f5f770fdadf87868637eac4c86ee.png,7,7,7,7,7,7,7,7,0,7,7,7,7,7,7,7,7,7,6,7,7,7,7,7,7
257110,a6e8b74476acbe76e776e8c48abb0fc326203fbf922c39f6ea2e3ba0.jpg,5,7,6,5,5,7,6,7,0,7,5,5,5,4,1,7,7,7,6,7,7,6,7,7,7
59702,a7a1bbd75139c8f78106837e3696c8df3dc674210b873f3f0977bc30.jpg,7,7,7,4,7,1,5,7,1,7,7,7,7,7,7,7,2,7,6,0,7,7,7,7,7
313660,a8e06340a2c926e82205494dd04b569d51c5ea6b9cc12d30fe1d74ea.jpg,7,7,7,7,7,7,2,7,1,7,7,7,7,7,7,7,7,7,6,7,7,7,7,7,7
34001,a8eacc01038e71ae684bb6cd609fcb2b11179fa114ff62307edf9f55.jpg,2,2,7,5,1,1,2,6,7,5,7,5,2,7,2,2,1,1,3,2,1,2,2,2,7
390288,aac99904f20c2a8efcaa2b575b9397680fa3efe206b1d5d202243dc5.jpg,7,7,7,0,0,7,0,2,2,7,7,0,7,7,7,7,2,5,3,0,7,7,7,7,7
100699,ac820ce8574e8689c0ace20d7e944d167fa7e4a9021a2a1de6b65f26.jpg,7,7,7,0,7,7,7,7,0,7,7,0,7,6,7,7,7,7,6,7,7,7,7,7,7
217921,b0146919e92e5a55cee65ed7f14df5814cb2343c11351aa439a63502.jpg,5,6,6,5,1,3,5,4,4,7,5,4,5,4,1,7,5,7,6,5,5,5,5,5,5
162895,b42c1dc4716557c93247675708f62bcbf3e9013cc1f81548090e50fc.jpg,6,7,7,6,7,7,2,7,5,7,7,7,7,6,7,7,7,7,6,7,7,7,7,7,7
74544,b686b8d23a4e8677e3f3865892f12c9cc5a19256fd0b06fd5ab4bbab.jpg,6,7,7,5,6,7,7,0,0,7,7,0,7,7,7,7,7,7,6,0,7,7,7,7,7
272080,b780ee2d155a686fbc75c5aa55b8578648d370f8a9f2dc8cd1761e71.jpg,3,7,7,5,2,2,2,7,7,7,7,2,7,4,2,3,2,7,6,2,7,3,7,7,7
16297,b79ac3a21f4da0420cc455c72608d47d9e7b355d3ae2999ec5ceb840.jpg,5,7,7,7,6,1,7,7,7,5,7,7,7,7,7,7,7,7,6,7,7,7,1,5,6
293681,b86e2a9ed515e9f887c987bdd7e8037cfa15c7df797803fd39c390d9.jpg,7,7,7,7,7,6,6,7,7,7,7,7,7,7,6,7,7,7,7,7,7,7,7,7,7
170647,ba7b592d1fd23093ae9c4fe708de393975498a4e12f19a0b948707f7.jpg,5,7,7,7,1,7,7,7,6,7,7,5,7,1,6,7,7,7,7,7,7,7,7,6,7
232657,bbff48bc43a905dd12e4b4ca332361829ecde91ca29cf5411fd68a61.jpg,2,7,7,2,2,2,2,2,2,7,2,2,7,2,2,7,2,7,2,7,7,2,2,7,2
145627,bc31fd5456af474d2683ec9c017656313cf83e53695e71a3451184a4.jpg,6,0,6,0,6,0,6,0,0,7,6,6,7,6,0,7,0,6,0,0,6,0,7,7,7
147679,c4b065d9f2b44d1d6d5bfb9f958bd1027efa0a6bdde4d1879ad829fa.jpg,5,6,7,5,2,6,5,6,0,5,5,4,2,5,6,7,5,5,0,6,6,2,6,5,6
66020,c631c2fc9e67460d4a01047f9a5ccb2d0144b4da730c6aa858a39a71.jpg,7,7,7,5,7,7,7,7,7,7,7,0,7,7,1,7,7,6,6,0,7,7,7,7,0
392266,c942c59ad9915f90b1de2e4daa14f0ff3ac7543ab9b30b140d10b7a3.jpg,7,7,7,5,7,7,7,7,7,7,7,0,7,7,7,7,7,7,6,0,7,7,7,7,7
174595,c963cc1d7d62dfc6bcd0e8379746bf47eb964e00ba0e03dec4a1e8cb.png,0,0,7,7,0,7,7,0,0,7,7,0,7,6,0,7,7,0,0,0,7,7,7,7,7
28794,ce7b44c4a3c07cd3b3a8f8a289850bafb3656fe720936e0ad232e967.jpg,6,0,7,7,0,0,7,7,7,7,7,0,7,7,0,7,7,7,0,0,7,0,0,0,7
115929,d3ac9c584a098c54ca1df348df054ce0267f4175e5b2ac1529b1575d.jpg,2,5,5,5,5,2,2,7,2,5,7,5,5,5,2,3,5,3,4,6,5,6,5,5,5
283342,da749b81249d61e15e3b4a3f3bf41c9917e94728dc4e98553de95326.jpg,7,7,3,3,1,1,6,1,7,7,3,3,7,5,1,7,2,3,6,7,1,3,3,1,7
79616,e4f1b24a195edcbd12043fa65eed677f63c2aa975b6412c1695eedeb.jpg,5,6,5,5,5,5,2,6,5,7,7,5,5,7,2,1,5,5,6,2,5,5,7,7,5
263384,e5d6640abeb4747d913f6229e30917883f5147f24a79ac641be30d98.jpg,7,7,1,1,1,7,4,0,1,1,7,1,1,1,1,7,1,7,7,1,7,7,1,7,6
349108,eb05bcd765b3440ac5ae7c53aa67c4666a0721783409bbb4672cd425.jpg,5,7,7,4,4,7,4,5,4,7,7,5,4,7,4,1,7,7,7,6,5,0,7,7,7
17141,ee0a28555d8dae5927bf57509333fbbc8cdbd90085c56eb6199b1ebf.jpg,4,5,7,6,4,7,4,7,7,7,3,4,4,4,4,4,2,5,4,3,7,3,6,5,7
413909,ee56457eafd401ed517144aa259db4f51d6d3807f28224c1d9c7d9b6.jpg,7,7,7,5,7,7,2,6,7,7,7,7,7,5,7,7,7,7,6,7,7,7,7,7,7
279985,f16a756fd55b81279bf32a38733eb9996ca51b331b2669de1c3a7a55.jpg,7,7,7,7,2,7,7,7,7,7,7,7,2,6,2,7,7,7,6,7,7,7,7,7,7
170535,f1aee283661b802a14332b36e9e26d249758d32b5104c0b8d0bc5871.jpg,7,7,0,5,7,6,2,7,0,0,7,5,3,2,7,7,7,2,2,2,1,2,3,7,7
138782,f73b14f0e35ae5d15b1bafee58de20d30c1911b3719decb1186d4a8f.jpg,7,7,7,7,1,7,6,7,1,7,7,1,7,6,7,7,7,7,6,7,7,7,7,7,7
387331,fe1e9cf578cdb7b883604082284aa6f2fc6468ba3ee12eae4aa996d8.jpg,1,1,1,1,1,1,1,1,1,1,1,1,1,1,1,1,1,1,1,1,1,1,1,1,1
218409,018333a2e2c5743023b8b0f2cd0aee5ffeab63f1a421f560bc9d3c90.jpg,1,1,1,1,3,1,1,1,1,1,1,1,3,1,1,1,1,1,3,3,1,1,1,1,1
141727,0485f92ec4c77391ac5e0788ceee7e6c9a02b68b64b832a6f9658c93.JPG,1,1,5,1,1,1,1,1,1,1,1,1,1,1,1,1,1,1,4,3,1,1,4,1,1
12630,04f255181b4acdb2e369c70f8b2358650b6124040e5b33f00bfe1270.png,1,7,1,1,0,1,3,1,1,1,1,1,2,1,1,1,1,1,3,1,1,3,1,1,1
311501,05aab371ae939bed55938a8a16619af3bf675943e168e1d4620aad1f.jpg,7,6,6,4,6,7,5,7,6,7,6,4,7,7,1,7,5,5,6,1,7,5,4,5,4
89231,05b53188be1dd3721618dd9947d1a557291e40c26db5dde06fb0ff0f.jpg,1,1,1,1,1,1,1,1,1,1,1,1,5,1,5,4,1,1,5,1,1,5,1,1,1
411758,090c4c25724052b1e44ac80b61d480ced5604ddddf72a86ffae193d0.jpg,1,1,3,3,1,1,1,1,1,1,1,1,1,1,3,1,1,3,3,1,1,1,1,1,1
326172,092735e2d23bcd1ad0b437015998bf10b0b3ba671209e752ff89b502.jpg,1,1,1,1,1,1,1,1,1,1,1,1,1,1,1,1,1,1,0,1,1,1,1,1,1
150360,0fa96461c4d05530955888631611e76543b8fcf6399eab725ac0adc6.jpg,2,1,5,1,1,1,6,7,6,7,1,1,1,5,1,1,1,3,4,6,1,2,5,5,1
45528,0fd0bc67a35763b2b246a732a8d96e657e2118e8b5bb1390d8c6ad49.jpg,4,6,3,6,5,4,6,4,6,5,5,4,2,4,5,1,4,5,3,3,3,4,3,5,6
156151,15626515203aa81698898703959f2ac4d251cba91d224b9464d0f064.jpg,1,1,5,1,1,5,5,1,1,1,1,5,1,1,1,1,1,1,4,3,1,5,5,5,1
183009,1649f8f5e4e5125b91f0d50c7abce665a82a7adfad79e0c11f8ceb5e.jpg,4,6,5,5,2,6,5,5,6,7,6,6,6,6,6,7,5,4,6,4,6,7,7,5,6
370645,16cd03d94d7b7082ca8d4138dcc005599ae0d79738c1dfef66abdc08.jpg,2,2,3,2,3,2,1,1,1,7,1,4,3,1,2,1,1,1,3,3,2,2,1,5,1
33771,178392a2014d50cb04a6f44979999c2a61e6cec699ee6dcd87219966.jpg,1,1,1,1,1,1,3,1,1,1,1,1,1,1,1,1,1,1,3,1,1,1,1,1,1
162288,18ac8bcea2e180aeb2a5d8370b544f1caf229efa67039c14588d9eac.jpg,4,1,4,4,4,1,1,1,4,4,4,4,4,1,4,4,4,4,4,4,1,4,1,4,4
322101,1ebbd456eb56e3534c1bb6b56bbb15f57d2e4a56835be5df62d64d07.jpg,4,7,6,4,1,6,6,7,6,7,4,6,7,7,6,1,7,7,6,6,7,7,5,1,4
172972,234c3c54aeb3e5d4f166f91e0b9f89b2b524ae1c30fb457f6bbc2aa3.jpg,1,1,1,1,1,1,1,1,1,1,1,1,1,1,1,1,1,1,0,1,1,1,1,1,1
356354,2550336be27910b820bb68ff017f993c160f5b8998da3de0280ecfb0.jpg,6,7,7,5,1,1,3,7,1,7,5,5,1,1,7,7,7,7,6,1,1,7,7,7,7
414451,28c27d8707b7617d2f25e8a03cc30de0333f2a9ecaa37a8db0e825c2.jpg,1,1,1,1,1,1,1,1,1,5,1,1,1,5,1,1,5,1,4,5,5,5,5,5,5
400612,28daa2d7cd01de3399b0f1535136db751121b2023e9adc4325662c52.PNG,1,1,1,1,1,1,1,1,1,1,1,1,1,1,1,1,1,1,1,1,1,1,1,1,1
248073,2c45075b6054bf32ec51c37f89ae6f1aa7f1cb0f862f8f5b3285e6f8.png,1,1,1,1,1,1,1,1,1,1,1,1,1,1,1,1,1,1,0,1,1,1,1,1,1
271707,306b0917e43d94429bcce830e205de0ddac2061fd0e3b537592dfb9d.jpg,7,7,7,7,7,7,7,7,7,7,7,6,7,7,1,7,7,7,7,7,7,7,7,7,7
309547,369380b09166f2eae70f53c8be00b91b7aea7fd63565a32c89c34610.jpg,1,1,1,1,1,1,0,1,1,0,1,1,1,0,1,1,1,1,2,6,1,0,1,1,1
373253,36d74db782423ddc230be71e346666cd68f018c4bf53899f05b7e4cd.JPG,2,1,1,4,1,2,1,1,1,1,1,1,1,3,1,1,1,1,3,1,1,1,3,2,3
204438,370e4bc81b93bbf572c3af8542adfd4d603fdee8170843c7f980a32b.jpg,1,1,1,1,1,1,1,1,1,1,1,1,1,1,1,1,1,1,1,1,1,1,1,1,1
284883,398005024c64413f0d91e3bcce8cb5b09ff1387bc4194d80d44b1494.jpg,1,1,1,5,1,1,5,1,5,1,1,1,1,1,1,1,1,5,1,1,1,1,1,1,1
340376,3a1f5c82090a32ca2f03c34270a3756913af4450860bc51b8a70c9b2.jpg,1,1,1,1,1,1,2,1,1,1,1,5,1,1,1,1,1,1,1,1,1,1,1,1,1
245665,3e7315fee5dff38ac87080981a18f17c81381b0d31c2d44175932ce0.jpg,7,7,7,4,4,7,6,7,5,7,4,4,7,7,6,7,5,7,6,7,6,7,6,7,3
85274,3ed181f304e7212032a31f8b4dac9a218200c2ffcccddef0368feb5b.jpg,1,1,1,1,1,1,1,1,1,1,1,1,1,1,1,1,1,1,1,1,1,1,1,1,1
82866,406ac07f528a5db1a69e8ce8861f44e6c9f241cb6bd611e40bda1819.jpg,1,1,1,1,1,1,1,1,1,1,1,1,1,1,1,1,1,1,1,1,1,1,1,1,1
154092,41609d56436a478145811fbbd83153e38e48a32e2c5ddc2c971f888e.jpg,5,7,1,1,7,7,2,0,2,7,3,0,1,1,1,1,7,1,6,1,7,3,3,1,7
163482,473d87ea511c15cc4bdfe57337a6a785681f0d2adcbfa83813db5161.jpg,7,7,5,5,1,7,2,6,2,5,7,5,1,6,6,7,5,7,0,7,5,7,7,5,5
343617,4b5dca1aa0829483c902a69d6ecf86e604a4bf3df946dc4f0cb68309.jpg,6,7,7,4,7,7,6,7,6,7,7,6,7,7,7,7,7,7,5,7,1,7,7,7,7
303348,4ba5b0a9d7aa620887f9dfd437b6b20b42add6cd78d4c5424461ccbc.jpg,1,1,1,1,1,1,1,1,1,1,3,1,1,1,1,1,1,1,1,1,1,1,1,1,1
102475,4d6f1241a5c17b507a6b4aeda01e8e5059c6417c2ad5c9fe72bc6dbf.jpg,1,1,1,4,1,1,1,1,1,1,1,1,7,1,1,1,1,1,1,1,1,1,1,1,1
194618,5045a19093e40afda140db1c741be66696fffcf216878e0e1a2271f5.jpg,1,3,3,1,1,1,1,1,1,1,3,1,1,3,1,3,1,1,4,1,1,2,1,1,1
141317,53d923794c584c6c2f9e97cd38a74d804c7f385aaedfc8c3a76b5b4d.jpg,7,1,1,5,1,1,1,7,1,5,3,5,5,5,5,1,5,3,6,1,7,5,7,5,3
313995,542cbefe686aa1696e3e346d074c8b9df4b9be61e066f3e70e2a99c5.png,2,1,1,1,1,1,3,1,1,1,1,4,2,1,1,1,1,3,6,5,1,1,1,1,1
312991,571436fa2227095b25f5b54dbe3b49f60edeb6a2f1561b2e397c7aac.jpg,5,1,7,7,3,7,1,7,1,7,7,1,7,7,1,7,7,7,5,1,1,7,7,1,7
303278,618583e1e0ab0f2c06eeb96e1222d3bf0e8f3756833cc0a04950ef6d.jpg,1,7,7,4,7,7,2,7,1,7,3,5,5,7,7,7,2,7,6,1,7,7,7,5,5
110529,64df89e228419a4df57189712b3700c68943a8d726ad794d3de4f087.jpg,1,1,1,1,1,1,1,1,1,1,1,1,1,1,1,1,1,1,1,1,1,1,1,1,1
366043,67f16ad3020c73413d9af94fb9f2c03fae337a1b14ec7e3e8737bf24.jpg,2,7,7,1,2,2,3,1,2,7,7,4,3,4,1,2,2,3,6,2,7,3,3,1,7
257625,6e6ffd75fcc1bc9adbb295dde4ca863a135869e9e91dc1365235b75d.jpg,1,1,6,6,6,6,6,6,6,1,6,1,1,1,1,1,1,1,4,4,6,1,1,5,6
86585,70d387de3027f985a663920f15e1ec3726be8c756ba71a0695f18af9.jpg,1,1,1,1,1,1,1,1,1,1,1,1,1,1,1,1,1,1,1,1,1,1,1,1,1
351977,72d52c2b99d2ca76834728d3805c088ff6b3c53af58511552a136608.jpg,5,1,1,5,5,4,5,5,1,3,1,5,5,3,1,1,1,1,6,3,1,3,3,5,3
167981,7394effc464092dbe0208e8b846fa6daf83e0959bd76aa65a8d28007.jpg,1,1,3,1,1,1,3,1,3,3,3,1,3,3,3,3,3,1,1,3,3,5,3,1,1
301467,77f1b3bccdd4d9e1a3a7aaa0c39ba0db232e24b7108570375c14bc97.jpg,1,1,3,5,3,5,5,5,3,1,3,5,5,3,3,3,2,3,4,3,3,5,5,5,3
1445,78160b375d50e7bc2f11efdc885725b09dc9545178039b235c1a4d88.jpg,7,7,1,6,1,6,0,7,5,7,6,7,7,6,7,5,7,7,6,7,7,7,6,7,6
362243,7c860cdbfdbdd8bdcc01cf16afb035661cbb2c0131d81d73e240b85c.jpg,5,7,1,5,2,1,2,7,5,1,4,1,5,4,7,7,2,1,2,5,7,7,7,5,4
264288,7d206fe6fb92fdc8d8cd0d61f0ee1058d705011a1e8ed8894dfaef7a.jpg,5,1,7,5,3,5,5,5,5,7,5,3,7,7,5,5,5,7,5,5,7,5,7,7,3
376225,804169910b010e20db284482a8d0b5f266c2c15058924d69554bdefa.jpg,3,2,7,4,3,3,5,3,1,5,3,5,3,2,7,2,3,4,3,3,7,2,3,3,7
308152,81418a3cb00bc41fd996913f318c4c520ab8c56eff9f7111e03c67c4.png,1,7,3,1,1,1,2,5,1,1,1,3,3,5,1,1,1,1,6,1,7,3,3,2,7
237212,8209d8117976bef54b0f5d9285e74d9382e348cfe6b81eb1ac6f0f27.png,7,7,5,5,7,6,6,5,6,7,5,6,7,7,6,7,7,5,6,7,7,7,6,7,7
21736,85f691116ac5bbc9433645a1a12a91600d539a60b13be89df7943e95.JPG,1,1,1,1,1,1,1,1,1,1,1,1,1,1,1,1,1,1,2,1,1,1,1,1,1
62819,876b01005c292040cddf7d9ef784d7dfff042ecbc87b1c1e3c383a86.jpg,1,1,1,4,1,1,6,1,1,1,3,1,1,1,1,1,1,1,1,1,7,6,3,1,1
157227,87baa1af59aa914e4e9fe88b74ffc3c76ccfa19af715a40accfc62a0.jpg,6,6,2,4,2,5,6,7,2,7,2,4,2,2,6,3,2,3,4,5,2,2,4,5,4
242498,8b0f9c6f4216a35e7ac6228bb9dad37b4517050e5d4782708e6cb347.jpg,6,7,6,5,1,1,1,7,7,1,7,6,5,7,1,1,5,5,3,1,1,3,3,5,7
63876,8dc409f38f122bda3206257f9b7b3b2a0e41e5a9b283eba573daeaba.jpg,1,1,1,5,1,1,1,1,1,1,1,1,1,1,1,1,1,1,1,1,1,1,1,1,1
99679,8e7d0c4b85681c4eac6d3375ff6579b1bb6a90798d2635646db9f13f.jpg,1,1,1,1,1,1,5,1,1,1,1,1,1,1,1,1,1,5,3,1,1,1,1,1,1
162608,8e96d43180404ee199f6b9ae55b70722c6c3308aea18f321cddb38e7.jpg,5,7,7,5,7,1,2,7,5,3,7,5,5,7,6,7,1,3,5,3,7,7,7,1,5
366824,9071fff2e15f5f087c9fed877512d1e7a53d2a69026f7b5159367532.jpg,1,1,1,1,1,1,1,1,1,3,1,1,3,1,1,1,1,1,1,1,1,1,1,1,1
184779,92b94803350ab04166827fcc3f5909ec67f6d0bca541533b99a915d7.jpg,1,1,1,1,1,1,1,1,1,1,1,1,1,1,1,1,1,1,1,1,1,1,1,1,1
236930,9349335cff097bb515794157cc49eb4d0957f628200ce29fbc080338.jpg,7,7,1,7,0,7,7,7,0,0,0,6,1,6,1,1,5,1,7,6,7,7,7,7,6
110353,9354d29ff1481f91398ee63876dea190bcc8edfb297cce11653e9ea9.jpg,5,1,1,5,1,1,1,1,1,1,1,1,1,1,1,1,5,1,1,1,1,5,1,1,1
373218,9648523aa4fd8e3d3f306b328156938fc0c992f145b7512bacdc0c68.png,1,1,1,1,1,1,1,1,1,1,1,1,1,1,1,1,1,1,1,1,1,1,1,1,1
266628,9833c386e2620c7aa002855f6fdff24112038685377733d03d70e8a0.png,1,1,7,1,6,1,1,1,6,1,1,1,1,1,1,2,1,1,1,5,1,7,1,1,4
126148,9900513b35c87eaeba9afd36f3f60196e36de4d59e1fe08986af4a6d.jpg,2,1,1,0,1,1,0,1,1,1,1,1,1,1,1,1,1,1,0,1,1,1,1,1,1
183282,99e9dbfa5b8e943f4758a66a3fa1d7b265d484dd287899a7126e2099.png,1,1,1,1,1,1,1,1,1,1,7,1,1,1,1,1,1,1,1,1,1,1,1,1,1
95423,9b059a3c162a3b803fdfb2b83935f07535782a788812af0b2a2bf4d9.jpg,1,1,1,1,1,1,1,1,1,1,1,1,1,1,1,1,1,1,1,4,1,1,1,1,1
208181,9befeb30e0530fefb84930adc6595cf8339f903b660a488134f783f7.jpg,1,1,7,1,1,1,1,1,1,1,1,1,1,1,1,1,1,1,4,1,1,1,1,1,1
85237,9d518c15d99182a2bc8147c922db3daa45b121c460323a43ba9fa25c.png,6,1,1,4,1,1,4,1,1,6,1,5,5,7,1,1,1,1,4,5,6,7,5,1,1
295590,9fce806fb6a25a4bc2aba26ce1f1c91e113c76c034cfbda155b5a453.jpg,6,7,7,5,7,2,7,2,2,7,3,5,7,2,2,7,2,2,2,7,7,2,7,7,7
151252,a6b29a6d7cdf905fd9767f38d9481b0b47ea9d5245804a637d3180b6.jpg,1,1,1,1,1,1,3,3,1,1,1,1,1,1,1,1,1,1,3,1,1,1,1,1,1
175193,b1df78bae22a67559f34c818a27a5ec48bab7aff649babb67cc1547d.jpg,7,1,3,1,1,1,1,1,1,1,0,1,1,1,1,2,1,1,6,2,6,1,1,1,1
226761,b2647933bb6503fbb8ac9817ca8cdb055c5a18791fb7db80367bbe03.jpg,1,1,1,1,1,1,1,1,1,1,6,1,1,1,1,1,1,1,1,3,1,1,1,1,7
247358,b52b3316f9de68079ce388e9478e7333531fe990a1085c912967a39e.jpg,1,1,1,1,1,1,1,1,1,1,1,1,1,1,1,1,1,1,1,1,1,1,1,1,1
368096,b7d27d1dee6f3d22356a002f2e99691747424b3c9af210e6d1925da6.jpg,6,7,7,7,6,6,6,6,4,7,7,6,1,6,7,1,1,1,6,7,1,7,1,7,4
74903,bc0bf28455b8639a796f505e714de14efeaf2d05b9df76f01b9037e8.jpg,0,2,2,7,7,0,2,0,2,7,0,0,7,6,0,2,2,6,0,0,0,7,7,7,7
35800,c7936c5dbac2f0d98619fa518a21096408f60c8e002a79371986be87.jpg,1,1,1,1,1,1,1,1,1,1,1,1,1,1,1,1,1,1,1,1,1,1,1,1,1
5245,c8ba0d3af93f1a1108730c7b655a3f47f9aba13e9e0f89ba317b35ea.jpg,1,1,1,1,1,1,1,5,1,7,3,5,1,5,1,1,1,1,3,1,1,3,3,1,7
235622,ccf8ba56f84aef0bd270267f4783d0c3dfb5c52e18e7c35fde76ec9e.jpg,1,2,1,1,1,1,1,2,5,1,2,1,1,1,2,2,2,2,3,5,1,2,1,2,2
409446,d3d9809edf41ab9c3568f7d1bf4056cfbe239f922e96dcf4bb26a97b.jpg,7,7,7,0,1,7,3,7,7,7,7,1,1,1,1,7,1,3,3,7,7,7,1,7,3
71925,df9a8c4073c2caf0959dc1ba75d9d8f9f5b2e5b36d2805b87a423ce6.jpg,1,1,1,1,1,1,3,1,1,1,1,1,2,1,1,1,1,1,3,1,1,1,1,1,1
133184,e14eb1bd2bc4e6cd76ff46f4ede80e6dd7457bdd26753cd56e178214.jpg,1,1,1,1,1,1,3,1,1,1,1,1,1,1,1,1,1,1,1,1,1,1,5,1,1
126712,e1653c81d04a496382dc97a56cb9ee091d101cba8d9e8948b4006051.jpg,6,6,7,7,6,2,7,7,7,7,7,5,7,7,2,7,7,7,6,7,7,7,7,7,7
64727,e1af4121220d59b91d74a36cdfcefd6599a1f0a77afc1ce0f5d87768.jpg,1,1,1,1,1,1,1,1,1,1,1,1,1,1,1,1,1,1,1,1,1,1,1,1,1
27850,e208c385a5a1815a1418d4adf23c066394683ee98cbbcae6441fd9f6.jpg,6,1,5,5,5,1,2,7,6,7,7,3,7,7,7,7,7,7,4,7,6,7,6,7,7
84158,e307409c4058f731ffa0a6346275c664d02b4e2ba62eab79bbfac2be.jpg,1,3,3,5,1,7,1,7,1,7,1,1,1,4,1,1,5,1,3,4,7,5,1,1,5
15741,e32a0dc3c0055fdc3914c1266ecf5d303082bcd273ce2ae483af339f.jpg,1,1,1,5,1,5,5,5,5,7,7,5,7,1,1,1,5,1,5,5,1,7,5,5,5
344582,e5b8f9b856539a8f3a71b19029f1ba9e18ed78283cad998f19ef072c.jpg,1,1,1,1,1,1,1,1,1,1,1,1,1,1,1,1,1,1,1,1,1,1,1,1,1
50923,e610c70ed21a2b2a7da418905b48e0f1e7a0f26e64e8c2aca07537f1.jpeg,1,1,7,1,1,7,1,1,3,1,1,1,7,1,1,7,1,7,6,1,1,7,1,7,1
209314,e93ee887a985e2528d9944fa00d65c800758688ea21d61a6ee4ef090.jpg,1,1,1,1,1,1,1,1,1,1,1,1,1,1,1,1,1,1,1,1,1,1,1,1,1
242753,eb8934e10fdc1f408e1bb7af94ef3cc4a03767bb9d4653b047c71c32.jpg,6,7,0,7,6,6,6,6,0,7,0,0,7,6,2,7,7,0,4,6,6,7,7,7,7
250657,eba76c113854f49bcb0f039f783eb84fe7c2c5cf6a9b3dfac0b4d40b.jpg,7,7,7,1,1,7,1,7,1,1,7,1,7,7,1,7,1,7,7,5,7,7,7,7,1
35264,ebda1c48b6cba3fb82654b099ae77678c2177e9b4262db31e744cf48.jpg,1,1,1,1,1,1,1,1,1,1,1,1,3,1,1,1,1,1,4,1,1,1,1,1,1
298095,ed9461324e79ec9333eeb0605503a8bdb4ee4fe97f4b5c939fea698a.jpg,1,1,1,1,1,1,1,1,1,1,1,1,1,1,1,1,1,1,3,1,1,5,1,1,1
149862,ef10dec5893a45f3bee1ee572a3f4d324d1bdee8dceb026c1e8cab63.jpg,7,7,7,1,1,7,6,0,1,7,1,4,0,1,1,1,1,1,6,0,1,7,7,1,1
138581,ef52b4dd44e5c12f3d09e113c3d5aaf19090bc40e38fd3df3ea9eb5e.jpg,2,7,3,1,7,7,2,7,7,7,1,1,7,7,7,1,1,7,4,2,7,7,1,1,7
364406,ef5a837b9daa0763f4f8754887cf82fd5851dd5f864e2ee5c60a091a.jpg,2,1,3,1,1,1,1,3,1,3,3,1,2,1,1,1,3,1,5,5,2,3,3,3,1
379039,f1b9fae2c1fd9c20a556883d19ef9c7420d4cac2d38c28782816c96d.jpg,1,1,1,1,1,1,1,1,1,1,1,1,7,1,1,1,1,1,4,1,1,1,1,1,1
19378,ff9510b2dd03f1dd0da72b0e676c48d3a9043e50e57204ffd996b74f.jpg,1,1,1,1,1,1,1,1,1,1,1,1,1,1,1,1,1,1,1,1,1,1,1,1,1
334712,007f44b2ce2fa617308d7004f656e7baa45570cd173838654b4981d3.jpg,0,0,0,6,0,7,2,0,0,7,7,0,0,2,2,7,0,2,0,0,6,6,1,0,7
38125,02cdc86600fa7daa8064a5c3c0e636de7c2f096ed7b482527f10f376.jpg,5,5,5,5,5,7,5,5,5,5,5,5,5,5,5,5,0,5,6,4,5,5,5,5,5
178913,02ed3439e97eaf3b66feee6be3df32cbc5db32c687143a2434a1f9ce.jpg,5,7,7,2,2,2,2,2,2,7,2,2,2,2,2,3,5,5,2,2,2,5,2,2,2
269160,039bc9916baaf373d30a96eb3ce27e4db41186a3ce49e571998f23c1.jpg,0,0,0,0,0,0,0,0,0,0,0,0,7,0,0,0,0,0,0,0,0,0,7,0,0
85375,0a78ca62630cb1f0eb2cf1e3e293dc6e6ca91261035fbeeb5ba505ab.jpg,2,7,7,5,2,2,2,7,3,7,7,2,2,7,2,7,7,2,5,3,7,7,7,7,5
332174,0ee302c37a6b0dbd538270c87f385d0ab96aa020b8eea8695faac8a1.jpg,4,2,4,5,2,6,2,4,2,6,6,6,2,4,2,2,6,5,4,6,6,2,6,2,6
39161,1a2c5d4012c8137f0f7f970d8ca78a9d5d55b18c47a39e60574de785.jpg,5,6,6,6,2,7,0,7,6,7,0,7,7,6,7,7,0,7,0,7,6,7,7,0,6
215588,1d8e5692025760975f76bc074e701f200ea59b36a1fc0d48667d742c.jpg,2,2,2,2,2,2,2,2,2,2,2,2,2,2,2,2,2,2,2,2,2,2,2,2,2
12210,1d99a2c84ace339f2205c4abeae4e308c248a80a4f89ad41cb860ea3.jpg,2,7,7,5,5,7,2,7,5,7,2,2,2,5,2,2,5,2,2,2,2,7,5,2,6
190696,1e5836bd011ad16143b31bba4061ffb7ea850c5baf304bff7a3688cb.jpg,2,2,2,2,2,2,2,2,2,0,2,2,2,3,2,2,2,2,5,2,2,6,2,2,2
223561,1e764c1b59407a7168819a67581067865231bc13cd9c3bbd6125619e.jpg,2,2,3,1,1,3,2,1,2,3,2,3,2,3,1,5,3,3,1,3,2,2,2,3,3
377290,287818ef9283de422ac97a41ac2a79240a9a810b06e309a527b26804.jpg,2,4,5,2,2,2,2,6,2,2,2,2,2,2,2,2,2,2,2,2,2,2,2,2,2
304563,291a1feb7a8783e242b3f62d973779954edb33b2a25322ccc5ed7210.jpg,0,2,7,2,0,2,2,5,0,7,0,2,7,6,2,2,2,7,2,2,7,2,7,7,5
265050,299feb681d27a1e456bc8a2cd3e4305e4cb8ec0f0e0ff8b3ba1107e5.jpg,0,0,0,6,0,0,6,2,0,0,0,2,2,0,0,2,2,2,0,6,0,0,7,0,6
310885,2a7c234c9c2ec3fce3388216d12d6ea6043af242bec15838aadd8afd.jpeg,2,2,0,0,0,0,0,2,0,0,0,2,0,0,0,2,0,2,0,0,0,0,7,0,0
331723,2d21f2341e57c6283831e1169d2e59af0689c5676a86e03edd8b53a7.jpg,7,7,7,6,0,7,7,0,7,7,7,0,7,6,0,7,7,7,6,0,7,7,7,7,7
72628,2d7e40a42e09cc5deb21b8551802eccab9d40f522c957c400f5e7796.png,0,0,0,2,4,0,0,0,2,0,0,2,0,6,2,2,0,0,0,0,0,2,0,0,6
183064,3213db844ee4a0ba80ba6cea27af70d9ca60c1190b695ef7c88f028c.jpg,0,0,0,0,0,0,0,0,0,0,0,0,0,0,0,0,0,0,0,0,0,0,0,0,0
279795,3236e400890dccc7c1e761722bd8ab399a2dda6a0374a995ef296035.png,6,7,5,5,2,7,6,7,5,7,7,5,7,7,2,7,2,1,4,5,1,5,1,5,7
307661,3357a86eb528e2241a81f7323ac291a11a04a7ffc4f001274ce41eff.jpg,6,7,6,6,7,7,6,7,7,7,7,7,7,7,2,7,7,2,7,2,6,7,7,7,6
22064,34ac631fd3a3100ea661943d6886fb575cc3758c3b5ae8cbe1828c49.jpg,2,2,2,2,3,2,2,2,2,2,2,2,2,2,2,2,2,2,2,2,2,2,2,2,2
131844,3589a5a1e94a30ef221af992a816e58c89ce2e50ac3454b759db951a.jpg,0,0,0,0,0,0,0,2,0,0,0,0,0,0,0,0,0,0,2,0,0,0,0,0,0
228667,37d52a3b4ba32b08862bce661fb5938ed0504e26f2ef91fddfd522d6.jpg,1,1,2,2,2,2,2,7,3,7,0,3,1,5,2,0,5,5,3,6,1,5,3,7,7
395698,3bd8eff0550130342bb99a54f1a6dd28eb9777056de76124b82db1e9.jpg,7,7,7,5,7,2,2,7,2,2,2,5,7,4,2,2,2,7,3,3,7,2,7,5,7
303156,3f84837f8f91b5377bc853a74ac7c8777cb8c6c576f7bd080b391a02.jpg,2,2,2,2,2,2,2,2,2,2,2,2,3,3,2,2,2,2,2,2,2,2,1,2,2
109401,43cdbab3f8190e11b548967a4afa3b5976be18501c4a4aba94c0ffa4.jpg,2,2,0,2,2,2,2,2,2,0,0,0,2,2,2,2,2,2,2,2,6,2,2,7,2
141046,453705df05c58a58246dc8079cfa198969c6a7bbc7bc4964e619bd21.jpg,6,2,2,5,6,7,0,7,2,7,0,6,7,6,6,7,5,7,6,2,7,7,7,7,6
241483,4672d61843f793a0a1dfb9b377395b3270262376919de8f71af326c3.jpg,6,7,7,3,7,7,6,7,7,7,7,7,7,7,7,3,7,7,7,7,7,7,7,7,7
411508,4b69c2dcaf3b43b550ef6264bdd89ba0e746df0858955d369b4b6cd5.jpg,6,7,2,4,2,7,7,7,2,7,7,7,7,7,2,7,7,5,4,0,7,7,7,7,7
286224,4dd4158d9e7cdfbaf66b15f28bfcb71ed189dceaf9c17ef6be056bc0.jpg,2,2,2,2,2,2,2,2,2,0,2,2,2,2,2,2,2,2,2,2,2,2,2,2,2
136312,50309b7801cfd8a7e8ed82540797aae7c4df6790e6a3983f3b2588ff.jpg,2,7,2,2,2,2,2,2,2,2,0,2,2,2,2,6,2,2,6,2,2,2,7,2,2
52477,5188eddff0ea7be385b5ba112bfd7ae56a0f86e7d6bf8266092da9c4.jpg,2,0,2,2,2,2,2,2,2,2,2,2,2,6,2,2,2,2,0,2,6,2,0,0,0
4791,5243389d4c44f2ea72f849a5b867804973ae7150dd89856e0486f5ee.jpg,2,2,2,2,2,2,2,2,2,2,2,2,2,2,2,2,2,2,2,2,2,2,2,2,2
191853,5460c81445764ceda4cd6a04500c28fd62b3dad3c8cbebce4d225087.jpg,2,2,3,3,2,3,3,4,2,5,2,1,2,3,2,2,2,2,2,2,2,2,3,2,3
150774,558b2f920a6787b31d3396b9eeebcce4492efd17563de2ce6f78b155.jpg,2,5,5,5,2,2,2,2,2,5,5,2,2,5,5,7,5,5,2,2,2,7,7,7,7
3182,5bb9473d6b6d54f0ce7c683126b633707686a4e9a5b7d208e88d8ad1.jpg,2,2,4,2,2,2,2,2,2,5,6,2,2,2,2,2,2,2,5,6,2,6,6,2,6
58416,6196763b14b501e81f00276d4ab19ae6e8bce046effb9aee5eab4455.jpg,0,7,0,0,0,0,2,0,0,0,0,2,0,6,2,2,3,7,5,6,0,2,4,7,0
185026,633d9e9bb97eb5d10b1b7505674502195ce639181b48c0e445814b5c.jpg,7,2,7,7,2,2,3,7,4,7,7,7,7,7,1,1,2,7,6,6,7,7,2,7,7
335085,6604165746d25b23dade1b83cbd8a5ce247d86f5df7861fa1414c8e5.jpg,2,7,0,2,3,2,2,7,0,7,7,2,1,0,7,7,2,7,2,0,2,2,7,7,2
17087,6622ba9911a7e8b238b13d3d2dce0818e82c219408b2794c40fd4097.jpg,2,2,0,2,2,0,0,3,2,0,3,2,0,3,2,3,0,5,2,0,2,0,0,2,2
25845,671e2d4d5947b0f299c71012a633b30df887cd038dd984d45f177ba7.jpg,2,3,3,2,3,2,2,5,3,7,3,2,2,3,2,2,2,2,2,2,2,2,2,2,2
229427,68d0b919de78cca88b79504de20894edc5f9b89d0a4ea366adc2eb15.jpg,2,5,3,2,2,2,2,2,2,7,6,4,2,3,2,2,3,2,2,2,6,2,6,2,6
42224,6a6d115c1568b22996cd7d75d80b25f26bbcdfe4c43c1ba8e9ee2359.jpg,0,2,3,2,2,2,2,2,2,7,5,2,2,3,2,5,5,2,6,2,2,2,3,2,6
410664,6abaf54c99a7ef71e0bba9a1d1c697ed6342dad1bdccad49d7b720bb.jpg,2,2,2,7,2,2,2,2,2,2,2,6,2,2,2,2,2,2,2,2,2,2,2,2,2
366053,6dda2b815a2f65a08fff7b06c77ee35f1ae77f1cfcbbf12a8e1d969f.jpg,0,0,0,2,0,2,2,0,0,2,0,0,0,2,2,0,0,2,3,2,7,7,2,2,0
6180,706c0492bf17856650e1eeaaa90c1c0bdf53af51c47951dd97281a8f.jpg,0,0,7,6,0,0,2,0,0,0,0,0,7,6,7,7,7,7,0,0,0,7,7,0,0
230912,723dbbdf616b93b7c200a9a289b64ecbfa004e6f94cfaea5e070f02b.jpg,5,7,2,5,2,2,2,7,2,7,2,2,7,5,2,7,2,7,6,7,7,7,7,7,7
135337,72dbf73d1f2064f59a8b7c320be923333764ea1cd72dcfa448a23bc1.jpg,7,0,7,2,0,7,7,0,0,7,7,0,2,6,2,7,7,7,7,0,7,7,7,7,7
380730,740861487a0607f64b5a60ab906d120687f94765ed41093c265c7930.jpg,6,1,7,4,2,1,2,7,2,7,2,1,5,2,6,2,2,2,3,7,2,2,4,5,4
171129,7432de26e4342ff19fa275c6971cb8b792a7e5c667289ef5d88bf067.jpg,5,5,5,6,6,2,3,3,4,7,3,2,3,2,2,0,5,5,1,6,3,7,6,2,6
233318,77bfc48bc4f3b670a99a528351a9276ec08e378e30f1e9e2b950757d.JPG,2,2,0,2,2,2,2,2,0,7,0,2,0,2,2,7,2,7,2,2,2,2,0,2,0
2674,78017b5b23ee9b12be11ad39355505be727382431433b6af956dc15b.png,0,0,0,0,2,0,0,0,0,7,0,0,0,0,0,2,1,2,0,0,0,2,0,0,0
353886,795961eb9b27296044a79cc2966c40a0310fb96f8aec511e7d36cc0e.jpg,2,0,0,0,0,0,0,0,0,0,0,0,0,0,0,0,0,0,2,0,0,0,7,0,0
75973,7cfe729139f1a475b92d2dba429669d2fe313e44a0533e57672c28db.jpg,2,2,2,2,2,2,2,2,2,1,2,2,3,2,2,2,2,2,2,6,2,2,2,2,2
209338,80de43e4742ebda698d529ff255761d25b2f2422c752a2ef38de8e61.jpg,2,2,2,2,2,2,2,2,2,2,2,2,2,2,2,2,2,2,2,2,2,2,7,2,2
23656,8588f3dccc979a3b6d020a768e5e7b02f41744fbc81e7b83df9dc267.jpg,4,2,7,2,2,2,2,4,2,4,2,2,4,4,4,4,2,4,2,2,7,4,2,4,7
284976,8615a276142da9293132cc2244722a77860fe7a88c3069a67cebd5e1.jpg,7,7,7,6,0,7,7,7,0,7,7,2,7,6,7,7,5,5,6,2,5,7,2,7,7
260199,868d59fa299c94c6e15a54ba8c2f48308ed0a35a88598f68f533197f.jpg,2,2,2,2,2,2,2,5,2,2,5,2,2,2,2,5,2,5,4,2,4,2,2,2,2
158665,869c2ee8f40091bc1ecfcfa5aaf61bca4a70b76a2db5164f95b95bcd.jpg,0,0,7,7,2,6,2,7,1,7,7,1,6,6,7,7,7,7,6,0,7,6,1,7,7
253124,8759c32fc78cac452531a77cbf5bfabaf3ac83ab17815f1865cda39e.jpg,7,7,7,5,6,6,2,7,7,7,7,5,5,7,6,7,5,7,4,5,6,7,3,5,6
166883,88c62357e088e67cbf00774a28a9c8b55a6d7a3aa6ed6e3b35f8afad.jpg,0,0,0,2,0,0,0,0,0,0,0,2,0,0,2,2,2,0,2,0,0,2,0,0,0
258149,8a9dff86670adb9f03371960f5c29193279609e748ce495810791af5.jpg,2,2,6,2,2,2,2,7,2,7,6,6,2,2,2,2,4,2,4,2,6,2,6,2,6
158329,8ff5dff69e2c002ed666d530c7c9b7bb3130cad2c9b70d4b1643aa64.jpg,2,2,2,2,2,2,2,7,2,7,2,2,2,2,2,3,2,6,2,2,0,2,2,2,2
236437,917e90e0186adbb6197d67f7a5f4f80f7542f0af5f01e42d3857bca9.jpg,2,2,2,2,2,2,2,5,2,0,5,2,0,0,2,2,0,5,2,2,0,0,2,2,5
345685,92c867b8a41ed8c8a89d809a947e386aba11d2c7415035ea03b93a74.jpg,0,7,5,0,7,0,0,0,0,7,0,0,7,6,7,0,0,0,7,0,0,7,0,7,7
172150,985a9448a0533ebab27844487bbce220df5c5609aa12e0a09d482106.jpg,2,2,2,2,2,2,2,2,2,2,2,2,2,2,2,2,2,2,2,2,2,2,2,2,2
51453,9c378fa262c4eddb3d4bc2f9feb2e6f287bf2436167022ff19914374.jpg,0,0,0,2,2,0,0,0,0,0,0,0,0,0,2,2,2,0,2,0,0,0,2,0,0
310387,9e3fcf0511dfa6977098bbad4d218f0c87ba0e4bea89c458bb0318a1.jpg,5,0,2,2,2,2,2,2,2,2,2,2,2,2,2,2,2,2,5,2,7,2,2,2,2
255913,9e527608ae44523994f0d313a87e45287b96bf1c18753bc93b274351.jpg,2,7,0,0,0,0,2,0,2,0,0,2,7,2,2,7,2,7,0,6,7,2,1,0,7
29821,a0524cedb6bb0c0112ca38569a3cf74a87296501a3ca3073f44c9c1e.jpg,7,7,2,4,5,7,2,7,6,7,2,1,5,5,2,7,2,2,6,3,2,6,5,5,7
261658,a80663d7166fbb38575624c2cfbd9646b7093f9dca3cb059d2f3468e.JPG,0,7,0,0,2,7,0,7,0,0,0,2,7,0,2,7,7,7,0,2,7,7,1,7,0
274761,a9131e144578b7488cb6d3d41f3684f5f219e385f4120adb93aa3dec.jpg,2,2,0,2,2,2,2,2,2,2,0,2,0,2,2,2,2,2,0,2,2,2,2,7,0
274255,abbbcde578dbcd9d9ede707a028d0a350bddc1c9b82416cd21492899.jpg,2,2,0,0,0,1,3,2,0,0,0,5,0,6,0,0,1,0,0,0,6,0,1,0,0
374616,ae9c0c53c6161741139b8c8e7fb8125348010d3cb2ac0131900b392b.png,2,2,3,3,2,2,3,2,2,3,3,2,2,3,3,3,2,3,3,2,2,2,7,3,2
167980,afaebf1041180304f54f7f958f37383c2f57a3e633349ab986b07824.jpg,2,2,2,2,2,2,2,2,4,2,2,2,2,2,2,2,2,2,2,2,2,2,2,2,2
22850,b00e367aa559dd9aef35fcb437f88fd523b9f47859caf99efd534311.jpg,2,1,2,2,3,2,3,2,2,2,3,2,2,3,3,2,3,3,2,3,3,2,7,3,2
65152,b0a5347cb12a7a34447c62c0b4cee3f8ce429828b523a83d7afa17a6.jpg,2,2,2,2,2,2,2,3,2,2,2,2,2,2,2,2,2,2,2,2,2,2,2,2,2
79290,b64189732adeaf68fe89a7fca96c1c28b3b70c7a590abd451135d7de.jpg,0,1,0,6,0,0,7,0,0,7,0,0,7,7,0,7,7,6,0,0,6,0,3,7,7
188746,b7efb381429624f206286e8c4e5eb45f5c957443d3a2ee69d4775fab.jpg,7,7,7,7,0,7,2,7,0,7,0,0,0,7,2,7,7,7,6,0,7,7,7,7,7
16589,be9ee99677ccf74460a49a257686bf44793be241e0a6ecaa5285d5f3.jpg,7,0,7,2,0,7,0,7,0,7,0,2,7,0,2,0,2,6,2,0,6,7,0,7,0
167570,bf1d44eb1364125137dcd33299b9f86a400ef04687295136d13b0f77.jpg,2,2,2,2,2,0,0,2,2,0,2,2,2,2,2,2,0,2,0,2,6,2,2,0,2
188507,c21da09ad35d2c93b1e787ade032db6bd7e3662292a1bbe9307fbf82.jpg,2,0,7,2,0,2,2,2,0,0,0,2,3,0,2,2,2,2,2,2,2,2,7,0,0
104362,d4828a50fa794b9e25a6d6a99cb9deb11bf19967e3b96f0c552ce0b7.jpg,1,7,7,4,2,2,3,3,2,7,7,2,2,6,2,2,5,1,5,6,7,7,3,7,6
328780,df9bd17288785e6a3116bb6633d3c0c3f6c55ac40f28570a87275479.jpg,2,3,2,2,2,2,2,2,2,3,3,2,2,2,2,3,2,2,2,2,2,2,3,3,2
95477,e3043429f18e10d0575428aff460a6ce7b32303861d76cc7d1c7b08f.jpg,0,0,7,5,5,7,0,0,0,7,0,0,0,6,0,0,0,0,0,6,6,0,0,0,7
51278,e30df8098ec244c428eef139405640ae7ceac951e08e20c5b974765a.jpg,5,0,0,7,0,7,4,7,0,7,0,0,7,7,1,0,0,7,2,6,7,7,2,7,0
105442,e3219a44fc0613e6c2314cb7d521ed8f7dc0f2fdedbffbc901905e62.jpg,0,6,0,0,0,0,0,0,0,0,0,2,0,0,0,0,0,0,4,0,0,0,0,0,0
303246,e35307673f2c77eb6ecf93355d58a7dec5da3c2519d7c5906da8d3e8.jpg,2,7,0,4,0,7,2,0,0,0,2,2,7,2,7,2,2,7,0,7,7,2,7,7,0
191240,e368c4ec86263582198685e6cae845c1e25b21f0a3b9921212181e8e.jpg,2,7,2,5,7,7,2,5,2,7,2,5,7,7,2,7,2,7,3,2,2,5,6,7,6
283367,e39f824ee87b93235220c7eff1a720d8ac12a7bdc896a2caf9ecc65c.jpg,2,2,2,2,2,2,2,2,2,2,2,2,2,2,2,2,2,2,2,2,2,2,2,2,2
326891,e48ad411750a0aebae256e72e3866735e3ccce1a6c1ea0d428273c94.jpg,2,7,2,2,2,2,2,2,2,7,2,2,2,2,2,2,5,2,2,2,6,2,2,2,6
230170,e5854b28518f79c8f2043ad606e79e5811fc64623de95c827134bb37.jpg,2,2,2,2,2,2,2,2,2,0,0,2,0,0,2,2,2,7,2,2,2,2,7,2,0
9895,e87d447252aa80c6675f1012c24245158298d6246c1d5d0897868a5e.jpg,4,7,7,7,2,0,2,0,0,7,7,0,7,6,2,0,0,7,7,7,6,2,7,7,7
197912,ea64b9414ccef75c9c71356a605ce9dc9ebfac0aa4b8745f6d164c65.jpg,7,7,7,5,7,7,7,7,7,7,7,2,7,6,7,7,7,2,7,0,7,7,7,7,7
243898,f08a92cf02acbb590ed1cc7dd91e58f29d88fbdc1dae230d64c08fe2.jpg,5,2,5,5,5,2,2,6,4,5,6,0,5,2,5,2,5,5,2,0,6,5,6,5,5
383410,f4da4c998373d50934c0b9bf460314c72175650028d278b7e740e737.jpg,2,7,7,2,2,2,2,2,0,7,0,0,7,7,0,7,2,0,0,2,7,7,7,2,0
279172,f8371015b6ddf017ff8463a2f69d594d06049d0481cac742b6287c9a.jpg,2,7,7,3,2,2,2,2,1,7,2,7,1,1,1,7,2,7,6,2,1,2,1,7,2
404583,fac2defe4789fe8d24cd532f320575acd123d801a6bc93dee4011361.jpg,3,2,2,2,2,2,0,2,2,0,6,3,0,2,2,2,3,2,2,0,7,2,0,2,2
345250,fb2fe1ef15714297c45a59e609c47668c4f7b9e277d7e2d271c55c5e.jpg,2,7,7,2,2,7,2,2,2,7,7,2,7,4,2,1,2,2,4,2,7,2,7,2,7
214735,fe56ab4f611ead2aff768d3a5bad63199a18a3cc56e23047b8bc3c26.jpg,7,0,7,4,0,0,0,0,0,7,0,6,7,0,0,2,0,6,0,0,0,2,7,7,7
